DMC,EDDI,FFMC,GEOID,NDMI_mean,NDVI_mean,ann_dewpoint,ann_humidity,ann_precip,ann_temp,bfi,fall_frost_days,fire_frequency,first_fall_frost,frost_days,fuel_load,growing_season_days,heat_index,lai,last_spring_frost,pct_shrubland,pct_tree_cover,slope_deg,soil_organic_C,soil_pH,soil_quality_index,soil_texture,spring_frost_days,topo_index,wind_chill,Value
53.16945674200684,1.321710422100479,63.807119894473885,16055,0.2465891291999574,0.6053608603959327,275.3641431632273,55.88317856373861,0.059098359105809,283.81052548729866,0.0546468456063789,19.23575033712083,1.9544945562293277,306.8657552041537,115.10893738184863,0.4475994204813719,246.8657552041537,71.26657107217562,5.906742257392299,60.0,0.0,0.4475994204813719,6.817413041524095,12.361416935529922,56.851966088271055,13.515415565846329,7.397371892908215,26.1987261850126,6.858701447730412,10.87849606221008,48.0
52.35236171231006,1.2710551278831024,63.167328045928045,16057,0.2059307300420385,0.529569064676871,274.8330905221503,53.04872062909017,0.0579153961843671,284.024074432377,0.0541596974639107,19.11397632175858,1.0938073777332666,307.0016727205227,106.22766577089284,0.292365897895396,247.0016727205228,70.74852713322305,5.955042995798168,60.0,0.0,0.292365897895396,4.299162443686559,8.366531140061893,61.1276858914273,11.92213251182928,7.760914966314067,22.0216086101162,4.275637751246308,11.164879816142475,50.4
65.89434767209384,1.083505889243641,64.79887254527733,16049,0.2497951357668883,0.4881811591477678,273.4443302735493,60.23093308772202,0.0738004161980306,280.68423188017067,0.0529677854226446,32.35447256444074,1.0751529541959004,278.26338827763493,168.47109338928726,0.380925731298221,218.2633882776349,79.79398455234288,5.664589828211339,60.0,0.0,0.380925731298221,12.009837608100046,12.325142044708157,57.77564372656986,14.341424143980042,8.163034025270543,54.530638120985714,12.051100049624653,7.971374559719027,33.7
30.451252135827687,0.2873163832489733,54.51414487416308,16077,0.1206151051121297,0.3025402189784043,272.78153043862847,45.77302148166629,0.0335832998769574,284.02905769937627,0.0538532639304088,26.659339664170083,1.0283316144784185,302.3316334204552,128.93750510223234,0.0701220036583493,242.3316334204552,69.826726338186,4.790490675161203,60.0,0.0,0.0701220036583493,3.2251429105948075,3.979186486717455,72.37601110902331,8.919174252989068,6.988129671050735,22.750966438270403,3.2606239344412526,10.762546728190053,87.0
52.5514669200073,1.4029767725741205,63.51393365450397,16009,0.2276266096601712,0.5791857682157747,275.1681056729489,54.77898296690433,0.0583086510249228,283.9004106302805,0.0547366904064441,20.10888026414875,2.1223446178382344,306.8826111722567,108.1387572650563,0.3811309293956402,246.88261117225665,71.07091590066668,5.973203963992039,60.0,0.0,0.3811309293956402,6.147878052350978,11.07182752114531,58.18931126705165,13.172501324552067,7.6932044996264,22.743057888740843,6.184631829544921,10.766039328779817,37.4
38.59406577173519,0.3813200075431458,58.91019866581387,16071,0.1147364429048922,0.319467135221801,272.7372097762851,50.68086796627636,0.0433770098933931,282.45049644716505,0.0525066713942069,26.65273431033259,1.0192963498611272,302.2888614200912,132.73895483677697,0.0602920535909144,242.28886142009125,73.85342473564751,5.127223947058626,60.0,0.0,0.0602920535909144,4.806710610485615,4.116365554121986,73.55865477113257,8.818168189587906,6.970175845012988,25.674455542329188,4.750822969092521,9.797281911256649,28.6
71.05538131509485,1.1388516063470762,65.45522648216537,16035,0.304305058250197,0.6290061344644855,274.21505837013603,57.66683865340377,0.0790937477261226,282.1183427062819,0.0532831848490795,26.311440520984828,1.6452148332073842,299.9235852198565,142.42541028863795,0.5050381619813031,239.92358521985648,75.56120515677623,5.925624633829326,60.0,0.0,0.5050381619813031,9.805609456124492,11.75207684403556,54.97146467357212,13.690655057993444,7.780977053090575,38.791134719455485,9.745504815745068,9.467612158426718,28.2
45.23537328727738,0.3880653242093647,61.45177320389514,16029,0.2365912319182249,0.3725353989136227,272.4760709187107,59.70608897288706,0.0515155627162424,279.7923875536955,0.0519652983624584,33.12596394319458,1.2813085097966823,290.04678427434845,180.93387677480143,0.1663416403134826,230.0467842743485,82.07993553580529,5.854846688877911,60.0,0.0,0.1663416403134826,5.141693521816588,7.538634538634968,66.39499201288919,10.83990267478132,7.109090121376633,60.89486508004826,5.100553441003152,6.650482713177656,57.0
51.14184792084751,0.9219259814037148,63.58173733722744,16061,0.1491205852516088,0.4094130542095598,275.7204979127684,55.66494044454904,0.0567044563472317,284.2570450138231,0.0530798565375228,21.831851570095576,1.9643657034000903,306.92994624300803,119.10453967221812,0.139201190240204,246.92994624300803,70.290101666175,5.963766489883252,60.0,0.0,0.139201190240204,4.510731151922844,5.567436632268094,65.91173622213937,10.23325312968028,7.707423077166132,26.627260918698465,4.595195152813458,11.675005923795178,40.6
40.43635224827295,0.7848451334808559,59.448439304743495,16087,0.1083838855680817,0.3246131780162009,273.859711691485,51.49631485128823,0.0450304341352642,283.4419912797546,0.0559804514915735,20.51677489900427,1.15285786812458,304.5433490295058,122.2895568725907,0.0834404652058125,244.5433490295058,71.95081171822403,5.579294315171534,60.0,0.0,0.0834404652058125,5.964580342759288,4.494081583944065,67.91106234899449,9.183301929987689,7.09148307504677,27.804100154049948,5.960549654805662,11.084663044438097,42.6
24.753097524358655,0.1892269574894485,50.15657016734069,16067,0.1097911462868891,0.2994268992072048,272.2742145816101,42.1525884585716,0.026788802506762,284.6961064348701,0.0553641244668035,24.509196422231508,1.184583663349289,305.59138648212087,119.39320297475368,0.0382956571570639,245.5913864821208,68.00983882007428,4.513816413735503,60.0,0.0,0.0382956571570639,0.4805734080965115,2.9125416154396704,74.2401443416718,8.329210385218698,6.964407358731949,18.18906678199953,0.4955545307429301,11.73981424003869,108.1
31.978190068592976,0.2626278084124507,55.27586113315558,16031,0.1256215552247313,0.3046205115601689,272.71996818128343,46.20555799783413,0.0353238049790609,283.82790979466165,0.053943737040951,27.562772670913866,1.0359386595630282,302.5509315493788,134.65302787101396,0.0533813543174028,242.5509315493788,70.39792326810087,4.731731038392185,60.0,0.0,0.0533813543174028,4.296745707041878,4.142373417123752,72.61890505575927,9.044591598448225,7.025444078986204,27.266995163778933,4.337615557262558,10.726978997663515,101.9
26.924627294786944,0.2544845846791048,52.05042641564901,16063,0.0670232169656802,0.2640531971415918,272.21075675560013,44.6826482767321,0.0297434153832881,283.7739293689542,0.0567240640313237,24.97232233112117,1.0543435100065262,304.6259698878013,122.82448593905984,0.0332212789246837,244.6259698878013,70.19969722843054,4.369897468493109,60.0,0.0,0.0332212789246837,0.8327550185880416,2.4944387239359327,73.25606482033767,8.270689736361296,7.061554520283041,19.564832894877284,0.8455609972834669,10.806081269504428,96.9
42.12307171508608,1.0522635185415083,60.99502680546293,16069,0.1278086224468612,0.4032315302706244,275.48240009280704,52.6946795270349,0.0464302402483339,284.82370420844126,0.0534736045625326,17.60364097129103,1.5908120229517966,308.05547462740384,102.15320789273405,0.1234159578923972,248.05547462740392,69.1278858904654,5.8582684471516,60.0,0.0,0.1234159578923972,7.29817303260163,5.195657862875906,67.67271980042074,10.027590764794596,7.530815044863128,20.154677416360897,7.311079439405432,12.284174967538812,50.4
37.45423304009869,0.3142670373607172,58.23876549429008,16005,0.163527955614947,0.3747919476018223,272.72234942046373,50.83702055029037,0.0420998649562432,282.4296918748938,0.0532926790556088,29.00883781802642,1.0379225278186015,299.77142590520697,149.84660836120497,0.1365305892335332,239.7714259052069,74.01413115659685,5.545061605439635,60.0,0.0,0.1365305892335332,5.835755742428699,5.561526394537868,69.1451119488555,9.759669449650708,7.006309391902123,37.03832886694107,5.907658612683953,9.430046008894475,41.1
24.964663597682776,0.2599443445143563,50.17963290758799,16053,0.1330222995311585,0.349080254976582,272.8064425560521,41.35886011401298,0.0264914355312681,285.5699165565998,0.0562046412437944,23.43801801394272,1.2180197387501135,307.0,113.62068813864305,0.0314452279826048,247.0,66.49856603645685,5.025194699541593,60.0,0.0,0.0314452279826048,0.7963071958326277,3.2966201897105987,73.07186110554967,8.623241688985903,7.019652285379341,16.422003246932753,0.8249622438782599,12.790237001132663,103.6
21.234499571124594,0.4617233261034779,46.42554606387616,16027,0.1570581392033649,0.3984636606609655,274.58399967857764,42.73073514057457,0.0216177981116658,287.038669639316,0.0570592927686024,12.583238595212908,1.064167086059386,311.8635921559972,77.58183837310871,0.0358157831983765,251.86359215599725,64.81465036537975,5.537240222292468,60.0,0.0,0.0358157831983765,0.9382030704326654,3.277558500050423,73.17021232863952,8.57231390493417,6.974814356157416,7.393528252443807,0.9537312850376474,14.815855435394887,99.2
35.83787904185566,0.3114697859655958,57.53834763345692,16065,0.2139888379237595,0.3599698031056371,272.1134368027233,51.34036205214325,0.0406378786517543,281.6059276389572,0.0538261925065926,30.16411614816521,1.3775517447697472,296.9580304142733,156.50531378015793,0.1009016738077416,236.95803041427325,75.95204878234719,5.451287984650408,60.0,0.0,0.1009016738077416,2.230002571899417,6.117884962492639,69.68161867303313,10.214129906039572,7.214459215545712,43.25686176653598,2.1942087445376,8.837318768062712,87.2
27.84140233674313,0.2626633173537466,52.36101234156351,16011,0.1342411640546951,0.3140745203360074,272.03296959738225,45.26375399198182,0.0309555950419656,283.40038595422,0.0538903682008378,28.091554284828728,1.1908592997797016,300.91942519488504,135.73839054282146,0.0509835844060589,240.91942519488504,70.92478078653455,4.829119332718641,60.0,0.0,0.0509835844060589,1.6904042610797176,4.171418221624256,72.48696501936233,9.114863099870506,7.08276895200964,27.52635210821508,1.6901388651127325,10.039443102947962,98.4
24.28784288243444,0.2387993893017464,49.80788742655996,16051,0.1188820903169576,0.2631105155506172,271.01660123273075,45.45699586644893,0.0275338120136565,282.2063969681996,0.0544521142873975,28.33174421669959,1.0947766884425914,299.7645233848356,142.8346121585396,0.0286742025350956,239.7645233848356,73.42375979436915,4.140971754472086,60.0,0.0,0.0286742025350956,0.5074424624424854,3.776525795639103,75.84988354815299,8.86512132416462,6.999765714088255,29.40384126864573,0.5233192277550114,9.413422897181592,98.8
42.87705627131797,0.3796532736743599,59.155005174044845,16019,0.2266715627751538,0.3508452276344034,272.0853934156689,54.18820236451834,0.0483925630676468,280.9077815144106,0.0527407213566071,32.31169553994417,1.062382668769242,295.5108703577024,168.295797474971,0.1476737533022887,235.51087035770243,78.51570475159276,5.407912211501043,60.0,0.0,0.1476737533022887,5.422766010088981,6.999946052312284,66.99636509774533,10.498287554915,7.044441377755248,51.43211609125292,5.488110236643293,7.63482185682406,55.3
50.0536956414917,0.6356223519135077,63.90479601242313,27073,0.1619737407387151,0.390527613597499,275.3785787340071,62.534622010826574,0.0566399933489582,282.1431363208836,0.0521237610907563,11.976153452426592,1.0113061984570364,316.1430792854403,120.24641027038278,0.028790357468084,256.1430792854404,75.11767742626367,5.118064876609111,60.0,0.0,0.028790357468084,0.2877223699155614,5.56566594888703,69.97850075943428,7.594730431761532,4.899872462551651,23.82836781640513,0.2902243842620053,8.811723169310785,58.4
55.3079928303546,0.2886437126736183,64.82757516919854,27153,0.1930859621745239,0.4961206041607632,274.4916424516342,66.75100057263076,0.0628341103705246,280.2510271920291,0.0534537615132768,12.027638949386752,1.0,315.4404221035841,132.8714580723658,0.178992786833378,255.44042210358404,80.29030764391146,5.9091783883688205,60.0,0.0,0.178992786833378,0.5704867097181746,5.575035950784885,62.047200913243856,10.473942103952975,7.624613471625151,34.72539420026923,0.5734532520394017,6.95413962802797,51.7
54.75137020382198,0.4598136695965754,64.77597739903966,27121,0.1903362483865706,0.42235538527494,274.943915877842,65.13397187711072,0.0620696550713431,281.0859597707281,0.0528817341502955,12.017771277342558,1.0,315.89337233594455,130.51032844322785,0.0862055325126713,255.89337233594463,77.88324522282943,5.527158236079032,60.0,0.0,0.0862055325126713,0.5414200707271699,5.834787677524205,65.74429506567627,10.010912139908791,7.107983489195279,32.52498081362884,0.5502990677834507,7.867841887320903,53.8
46.84023712875511,0.0557152251545521,62.90349885708509,27107,0.1627263036280719,0.378375749215475,273.7813073384472,65.07297999924776,0.0535729612242344,279.8766253212636,0.0512001680619595,15.921224117482938,1.1165656966928197,288.0,137.2527289422061,0.0604509990186191,228.0,81.65935364803799,5.154055187838518,60.0,0.0,0.0604509990186191,0.1804101139092515,8.391046694335595,70.61058120299322,10.015752143016424,5.9145023310003175,34.59097654539283,0.2039867604460604,6.717575414715578,68.4
54.223078046423495,0.2171307546150292,64.08001222416102,27089,0.1981717609023033,0.3849388043840673,273.0177098255181,66.70566434707969,0.0616576823382276,278.71858552764,0.0520092213776933,19.28496702330262,1.0725576145235634,288.0,148.96007321334204,0.1418359722661852,228.0,85.502311421646,5.570052991039455,60.0,0.0,0.1418359722661852,0.1385313419636267,11.666198572298114,69.33278049531785,12.038407396116048,6.309516148939247,42.82661107875885,0.1651592715365962,5.301704812535755,54.4
61.76811278731083,0.3984852762555154,65.4477815213304,27077,0.2476501297529272,0.3275359409597896,273.1259620504396,71.18120097542493,0.0699331265665941,277.90602362145967,0.0529237611486314,16.87180173869613,1.012461881304246,298.25356399947344,144.01337152574,0.4268854902611159,238.25356399947344,87.95284013670563,5.146540194364795,60.0,0.0,0.4268854902611159,0.1655446340633339,21.84566346017061,59.16653916046885,18.92915933834652,8.263747957783037,42.1551859359143,0.1777319680063181,4.135278502723335,49.1
58.01080787058698,0.4739587369563423,65.38266437425486,27081,0.1614913874271428,0.4068828100197224,275.49103683235523,64.89971444004046,0.0655060548615082,281.7144913942172,0.0528253271953464,12.8752493687261,1.0,310.7485037876436,122.47830129678653,0.0368964203863965,250.7485037876436,76.08067061958046,5.1694909098803805,60.0,0.0,0.0368964203863965,0.5989431445690481,6.317061606336047,66.95867963642162,7.588049540211563,4.550625631212463,24.61988474850517,0.6000760424358209,8.058239283805225,66.1
50.50592386582888,0.3464608261406349,63.56278406581693,27113,0.197414128736286,0.371393756650986,273.1347599730098,66.90257349244395,0.0576317844448016,278.79686904746364,0.0521029097233575,18.26523789028756,1.060833780640544,288.0,146.749913522826,0.0878683172422287,228.0,85.20507502689199,5.696340058929308,60.0,0.0,0.0878683172422287,0.1429551140393029,9.274402142603238,70.91306338330288,12.187672247894778,7.726677739234891,41.48467563253844,0.159301357762455,5.412284367128559,57.3
48.5338473204252,0.350095368188409,63.46940780008356,27155,0.1504824693772013,0.3741190424890973,274.8986380627957,62.797977069009534,0.0551154359807183,281.5741953819487,0.0515952621583707,12.0,1.0614965222794606,316.0,125.48219958077148,0.0311054604558479,256.0,76.65909142507098,4.8098620387731845,60.0,0.0,0.0311054604558479,0.184436607821938,5.998003962838097,70.61402528402334,7.592486023088655,4.633012222073089,27.16279229053429,0.1999763360555083,8.45487266541321,60.8
55.26609434224038,0.5994374908737161,64.83042146928373,27173,0.1454650608633813,0.3999654383011751,275.5454937969007,62.65944758073682,0.0622787498847209,282.290559877354,0.0530614891465445,11.906036539692131,1.0,316.07276885147456,119.95079096577676,0.029363084258582,256.07276885147513,74.71811938311663,4.99273436264489,60.0,0.0,0.029363084258582,0.3387594649280737,6.049756593881964,69.28662611811795,7.711756083655217,4.776101318451883,23.949084027402264,0.3487574328831799,8.927375114414673,65.1
52.45500908153613,0.6244810929615185,64.33535084914963,27151,0.1659623664982916,0.4114767546655264,275.17557184639145,63.3627844714918,0.0593781364246732,281.7348893373344,0.0523664078460292,12.308451557885968,1.0,314.149290652684,126.8577016361653,0.0482799928291715,254.1492906526841,76.17306707893201,5.342894821976365,60.0,0.0,0.0482799928291715,0.2830317020909504,6.398588497758324,69.30455065952843,8.871868018717885,5.711256469896014,29.424585471543956,0.2850535235509981,8.578417406651901,60.3
48.53467830574576,0.3079924449085612,63.21238545547747,27125,0.1829760721172435,0.3638146793812894,273.3083471370452,66.42872031038075,0.0554810797166991,279.08120319128057,0.0519927451388239,17.927195640809877,1.083725846340137,288.0,144.84151177666064,0.0663494085544074,228.0,84.23829555169793,5.583810458879588,60.0,0.0,0.0663494085544074,0.1862634056104716,8.312997626192265,70.99998073634448,11.652943793031286,7.617757412785984,39.91431613585079,0.2001820675961551,5.743030096024771,63.7
52.1412462222064,0.4499374902788239,64.13866865836371,27029,0.2101204529598187,0.508983341759037,273.55456708691315,68.32371171729021,0.0594690685092415,278.9335920183565,0.0520184118064718,16.58840889968428,1.548240129746326,288.91257896982944,139.86778979313004,0.3311093753735034,228.91257896982933,84.56343083909545,5.934676121781257,60.0,0.0,0.3311093753735034,0.6188073817861942,9.769559541943158,60.8214663904452,12.942916515627612,8.029165531917293,36.279380893445726,0.6406319320652853,5.295316865207421,54.7
46.60232700238698,0.5712943965729718,63.10732514212812,27011,0.1684486514446429,0.3809369434754482,275.14243959920026,62.59297143502408,0.0529471895412008,281.8798397873797,0.0515485053010974,12.0,1.0,316.0,123.7489560531715,0.0620879463572208,256.0,75.82488345079346,4.88935158779279,60.0,0.0,0.0620879463572208,0.376250067503772,6.704973874191072,68.89841391257745,8.312880787170476,5.012648505828067,26.71808131675634,0.3842082190589917,8.665777261149922,61.4
59.32336664772881,0.5887596841558908,65.44596983858847,27127,0.1415047234060089,0.4026936844365971,275.78340025112203,62.53899231267891,0.0666171045112958,282.5699217359414,0.0533734831230158,10.985606523062453,1.0,320.95115773712183,117.42373977122588,0.0349666546018285,260.9511577371218,73.99357709276708,4.819680160586299,60.0,0.0,0.0349666546018285,0.28932289032284,7.809374011443195,69.06387108531506,8.445948034577142,4.567969727811628,23.114480707529413,0.2910233391715923,9.251262462149834,61.6
52.96908290910594,0.3092754611665689,64.38652774574199,27051,0.1745433207290833,0.3823229330773103,274.75817838291835,64.61985152943217,0.0601165166362254,281.0070632415481,0.0522476327082194,12.42835748220094,1.0226787620064033,314.02026925658333,129.93540803032093,0.0648236954095456,254.02026925658416,78.16391528382968,4.993712054554254,60.0,0.0,0.0648236954095456,0.383868232014323,6.063309547994119,70.12730682242932,9.241240146048598,6.319927947104938,30.55496203297936,0.400504795094215,7.908906928802679,61.0
53.01631952110442,0.6450594936502473,64.4600350968207,27023,0.1612199703239265,0.4020892533292967,275.38899412046976,62.8555321137534,0.0598928967451713,282.07836104072135,0.0525985391305613,12.758862119618684,1.0,311.27368389192,125.0396588909056,0.0578841678359671,251.2736838919199,75.26798117466348,5.344234082399939,60.0,0.0,0.0578841678359671,0.2877301743456579,7.19598455026714,70.15028352870648,8.434501329152425,4.8723390160310105,27.28181878482774,0.2915396522901403,8.928447221986055,58.5
58.11529138069583,0.45401149187537,65.43930404273473,27171,0.2029294135476173,0.4546946566844457,275.5010986285424,65.45312947294786,0.0656722878293737,281.59802892719773,0.0527777422861067,11.021423702869813,,321.89288148565095,123.79056595973375,0.1651056473527662,261.892881485651,76.34935899089285,5.9078926487578345,60.0,0.0,0.1651056473527662,0.5345371888214783,6.4468294732238265,63.90945388730155,10.701338765973489,7.487567368478616,29.590422537898657,0.5413559250643177,8.52034141218825,57.5
56.58131494349662,0.4922800888128016,65.10971551643604,27141,0.1928345837421588,0.4780140189461696,275.15343194220145,65.22651916301403,0.0640391391404968,281.2839612910257,0.0530066492933683,11.424405975000086,1.2857142857142858,316.3002944524092,126.33465338888875,0.2099109716395796,256.3002944524092,77.28820974887164,5.897930627996572,60.0,0.0,0.2099109716395796,0.3756511494967997,5.1475504516533945,62.302599582267,11.284331390061473,8.709718629290796,31.51531941539278,0.3746882559162704,8.254782010582577,45.2
64.71737554737311,0.4259655155144471,66.24915609788542,27019,0.2039071893610747,0.4596682158319853,275.8567028598967,65.4299345139701,0.0727817707709341,281.9770243855528,0.0531687247969268,11.0,1.0,322.0,120.63504314540198,0.1545779321041007,262.0,75.28001457107901,5.9482540508327695,60.0,0.0,0.1545779321041007,0.5899072486109118,8.088661713948989,65.44080520245812,10.885364087886195,6.9389468810505965,26.974587846413847,0.6070629976545432,8.867623409039618,59.3
63.90474966019854,0.4396842195087667,66.13225730023065,27053,0.2172618721045551,0.4549016956073726,275.7611058589437,65.47470024250543,0.0719212709754561,281.86639042359815,0.0532522312487504,11.103424647275563,,321.4828767636224,120.28501345495216,0.2243843895971047,261.4828767636224,75.58351135343713,5.83495247704401,60.0,0.0,0.2243843895971047,0.6357887233711973,7.229579698114954,62.94252078218755,11.38521637984384,7.787441451713166,27.45368401082388,0.633051065512541,8.86024753133113,53.9
47.38143723277962,0.1794063435376378,63.11560518077808,27167,0.1420580006614989,0.3854439789619564,274.422778339853,63.38128013980761,0.0539894586505731,280.9365376779161,0.0512342511544909,14.213172655711048,1.0308217820473855,308.2410738806981,130.08689754080393,0.0456001936889885,248.2410738806986,78.4690962453853,4.968527269365444,60.0,0.0,0.0456001936889885,0.1298952486617931,6.631843354071468,71.1036946525482,8.525548320232115,5.343574861401391,28.87372488509294,0.1569032915804441,7.9139291916045105,63.3
52.70833589842904,0.5834673360090632,64.27443054925712,27149,0.1729612609603954,0.4004094566745396,274.926226580255,63.16816675271884,0.059682363913444,281.51710161779755,0.0520919322914273,12.0,1.019890231748572,316.0,127.62506547138064,0.0576533639892376,256.0,76.79617879913144,5.058949974423497,60.0,0.0,0.0576533639892376,0.2985257888331168,6.599227176515302,70.10475749484435,8.992872630992755,5.760133704038384,29.71482048339591,0.3025741579591682,8.394992876841211,62.5
55.57113172706146,0.131112929103392,64.29827444619393,27069,0.2083133318527936,0.3850157511598375,272.89115331822256,67.19294796205678,0.0631283523728986,278.4808514040782,0.0518488294478397,20.29401964581012,1.060510143707054,288.0,151.1810306829863,0.1725245036323105,228.0,86.32018707037537,5.657846797350493,60.0,0.0,0.1725245036323105,0.1454164550067722,11.966620547117463,68.87812560081291,11.211262050591875,5.286147312477684,43.89952454765824,0.1820476431322724,5.070398322308638,55.7
56.59707709097344,0.3967209904748759,65.05268728702976,27097,0.1974680945657418,0.5161366460132265,274.6688510204597,66.6940083262341,0.0642192226295286,280.4495642458376,0.0533970544230491,11.565944833756562,1.3415472679359872,316.10144455198804,131.6928818078611,0.2370497915286882,256.10144455198804,79.66335893516083,5.927354623149663,60.0,0.0,0.2370497915286882,0.5134979794717254,5.994038016835019,59.96034191485427,11.308045067190967,8.248393012218791,34.91701990300073,0.5200642187174759,7.242363995614521,52.4
57.48078651620733,0.3430567850598868,65.44026028187568,27117,0.1776214805354852,0.4152537402493385,275.6279164593081,65.74538646597064,0.0649883396309775,281.665473804754,0.0529675254891555,13.0,,310.0,123.80816474047118,0.0323277672227151,250.0,76.11903244390183,5.412154658578187,60.0,0.0,0.0323277672227151,0.5679334624674369,5.454332697427587,67.33758381839442,7.708761187305956,5.170182851362317,24.431963744751343,0.5693601224531347,8.156229138668682,72.2
60.75527408378399,0.4599205768879278,65.5891064365867,27129,0.1490645913326386,0.400600263485235,275.5738117266477,63.3995918179463,0.0683215700124433,282.14658236252245,0.0531502875850037,12.027981891498554,1.0,310.0699995973334,122.96472907235164,0.0542342414908625,250.06999959733335,75.03664334779086,5.160757514122907,60.0,0.0,0.0542342414908625,0.2811013454091069,8.689756446329131,68.86619379204716,8.926176087177613,4.607616021597168,27.01359709926505,0.2850115587972191,8.932170408425767,59.3
50.42605483344845,0.2952988589533732,63.75082283902416,27087,0.1877744795421085,0.4401868791108111,273.6431304493419,66.99293461453864,0.0575608099172613,279.3107391924694,0.0516120323343847,16.528580489480117,1.201077293513276,288.0,141.06545509549974,0.2003668778933759,228.0,83.39197528227659,5.429603944457045,60.0,0.0,0.2003668778933759,0.5333378462859029,8.650359870329387,64.93470832538455,11.651376216673158,7.338784361600087,37.53687460601972,0.5436224624118399,5.888762263589375,67.6
56.17632937674231,0.4116261022602146,65.06702649389396,27041,0.2022623086401574,0.427629284594597,274.75434336654297,66.9981794438147,0.0637738606873365,280.47305769925816,0.0531679146570785,12.0,1.0,316.0,133.96095657110408,0.1270894675973617,256.0,79.5520306585343,5.669915848085841,60.0,0.0,0.1270894675973617,0.5225222571662074,6.14505815164781,64.90879983380935,10.526197198068257,7.435106215302723,35.18419276500454,0.5253580254889056,7.181656512621212,56.0
53.11183363571548,0.3427339988557136,64.58071543035716,27111,0.1898751716309291,0.4448407212703221,274.5065969667125,67.72835691235201,0.060493873809657,280.05977425365336,0.0523608634090007,13.650529155807776,1.025137614678899,310.1684474216714,135.84388457331642,0.1514507268957821,250.1684474216713,80.78187744332236,5.587788351020694,60.0,0.0,0.1514507268957821,0.5644993588031698,6.590715707771857,63.77642393695726,10.868954207816902,7.55193705135478,35.193355417508656,0.5759266387523332,6.757691093381652,53.0
47.87123361480887,0.2274527170060213,63.03059443304172,27119,0.1773582500622199,0.3676550050044717,273.4104383576767,65.68813565622872,0.0547306305635428,279.3514259166516,0.0517220515617128,17.177311926108395,1.026143790849673,288.02877770489954,142.9934108443417,0.0730818095364298,228.02877770489957,83.36478160091204,5.2800346203117305,60.0,0.0,0.0730818095364298,0.2001217145311148,10.037931025211936,70.20057711356417,10.41524726662254,5.494912904859992,38.89021863060599,0.2302063470725259,6.045806364258437,64.4
56.37383498542053,0.6151554657200978,65.08986674995107,27083,0.1465221152333738,0.4000818453790358,275.6648966887674,63.17465786781648,0.0635107884590108,282.29654382104945,0.053170306843049,11.84768717240077,1.0,316.9138769655955,119.15159804181194,0.0268414413182825,256.9138769655956,74.65729841711637,4.918502469791621,60.0,0.0,0.0268414413182825,0.4343314795380233,5.434540959967771,68.80569653657085,6.913195397826901,4.240402262286873,23.336684033741246,0.4401377852338163,8.753458714854059,69.4
55.77303359858974,0.4384212616753404,65.00194139127547,27067,0.176681718721181,0.4253641871273529,275.29571753712713,64.71328431152781,0.0630886485895669,281.5516089255877,0.052853926801863,12.092191576855138,1.0,312.9270077222112,126.67762621899617,0.0988586847278332,252.92700772221104,76.570519374398,5.463840552698699,60.0,0.0,0.0988586847278332,0.3642396449024745,7.622374854248215,66.93258773433233,9.93613860415798,6.148264531794337,29.69492525363198,0.3682721855830984,8.364802193448519,59.6
28.889237248566918,0.268660607339612,54.43049939573084,30015,0.1204185573008788,0.27193349878297,272.7916053805392,52.35566686295845,0.0330624234900457,282.0194083082341,0.0502416288337434,21.39882020897429,1.025757250539766,287.40726525626053,118.57581670864217,0.0325329487326673,227.4072652562605,75.09593427748808,4.730140830628614,60.0,0.0,0.0325329487326673,1.9485059061411745,2.905251901556799,73.57328511589772,6.281061542988389,5.147196122049841,25.203559603911334,1.9647243975178432,7.99214371459071,33.4
42.0940711493331,0.5099290988473455,60.134457452289645,30059,0.2067196794645109,0.3622787441754756,271.1661269912179,61.473527507896144,0.0482169844526036,277.9554302364405,0.0506515181820633,39.287465289024055,1.1324262567511425,266.98724962927804,184.6612276719133,0.1968459486019611,206.987249629278,88.2935442637462,5.573697089305173,60.0,0.0,0.1968459486019611,5.526494507346902,8.02492424418578,66.6178691186922,10.905206283434037,7.000461724114858,60.33036028598035,5.583512642812041,3.991052551629264,31.2
48.53473672714046,0.4110129993954885,61.739337193678246,30097,0.165838120308375,0.3194049990738232,271.4824943290803,59.76357022712822,0.0551155600821652,278.71286813396284,0.0498672514669541,35.807868270369674,1.0008707510049857,276.87790990645243,172.2403871425955,0.12930085043974,216.87790990645243,85.71880632207501,5.001359074475203,60.0,0.0,0.12930085043974,5.478351720696388,6.7517190620272,68.39272411262176,9.64222835255031,6.687402562718899,53.83169777769466,5.556611864753665,4.310228684976347,39.9
31.30984940742656,0.4158610425744068,54.98716657045512,30073,0.1391177741686917,0.2684766317939474,271.9680861512201,55.97363785664295,0.0361654376668679,280.18325714983206,0.0511874015438152,28.468114093851398,1.036358473824312,276.309570314752,140.01808861206106,0.0613465504570014,216.309570314752,80.62741875136219,4.581517886469073,60.0,0.0,0.0613465504570014,2.48246001724121,4.359627439896221,71.1099970588092,7.787571348212656,6.086393828922822,35.867562718641835,2.51501756826058,5.534738728296031,37.6
28.57800153249146,0.2227062319557704,54.70034315339179,30033,0.054222467399113,0.2182490830064276,273.3765416008964,54.22631904609156,0.0328090298489259,282.1322660966279,0.0506380383488832,20.57652498165292,1.0040122211828113,300.01408164174995,114.69888502999352,0.030646381952161,240.0140816417499,75.00525753591296,3.943868849310808,60.0,0.0,0.030646381952161,1.525123387765242,2.618584639441108,74.21676024236272,5.988692183876149,5.095108285177031,19.496692607717712,1.5258824601015886,8.40863567908746,29.1
33.26187530183886,0.3779827990572064,57.33361929451844,30011,0.0649018651045838,0.2985503578018116,273.4471436005543,55.24342114869911,0.0380084024146945,281.9279415767672,0.0485429401068019,22.673677227903895,1.0056807151654408,300.01974320123674,124.31281959786816,0.0352526215571685,240.0197432012368,75.63960652245525,4.667467146670836,60.0,0.0,0.0352526215571685,1.257672519139658,3.0889999278128824,72.83408458474644,7.287011387687597,6.300695892869792,23.720654263270347,1.2571543540468813,8.21988442140084,29.0
26.2875817947176,0.1302807249820339,53.03241658429151,30051,0.0960906485662791,0.2276029267714814,272.27404682184016,56.40366600405574,0.0307624210500933,280.3731860015974,0.0512765306938011,25.02143373953477,1.0,288.0707230483262,131.44297467523324,0.0159493183075969,228.07072304832624,80.0043326696156,4.075408315853268,60.0,0.0,0.0159493183075969,1.1938842002482952,2.783472368525153,74.09028515907481,6.17411656623692,5.2279613543289845,30.40095916762623,1.1901991747085685,6.1333444009654805,18.7
34.956441951169325,0.3519639946944313,57.28665931613905,30027,0.1679561418555517,0.340258863111854,272.40654413951046,53.0235570519767,0.0398403158040845,281.4165944967267,0.0499271930364142,24.625562090055197,1.01330226573232,284.44705445405407,131.83461085885668,0.1075655628282069,224.447054454054,76.70060191677209,5.447205395652808,60.0,0.0,0.1075655628282069,2.79931021730429,4.47477287354127,70.3514525186968,7.739565737486314,5.947456894494086,31.50999252838144,2.8085526566070267,7.495469328594231,31.5
34.902532149860505,0.421116652048911,57.86799308003017,30007,0.1502460574149212,0.3185483106408109,271.7190441449023,59.4201689916416,0.040374697264172,279.0298438211508,0.0514099592677802,30.924233566643952,1.0104196461406447,294.8609339436997,161.70266592959587,0.1370332196586279,234.86093394369968,84.35170945837635,4.789523660546352,60.0,0.0,0.1370332196586279,5.208471805406553,6.050609045457012,70.14093796395512,9.993640949228176,7.0139140130430215,45.17988053582764,5.221492662275034,5.787587852549647,46.0
32.26435873177052,0.2135087689772672,55.56055400576866,30003,0.1043266238323244,0.2980392966612176,272.621081129868,49.28361435598313,0.0362885302324061,282.75343485353346,0.0495493770419355,24.607038106126645,1.0258892337187022,300.23619361338456,130.69144904404524,0.0642285644890225,240.23619361338453,72.99990231412355,5.013936176036529,60.0,0.0,0.0642285644890225,3.033593239509338,3.6561155106834895,71.21725079580038,6.916288867495245,5.696499310590055,26.0591017383397,3.0480191630129267,9.609749742061126,42.4
27.653661597036336,0.3715348213875565,54.30470624774832,30083,0.071627806176048,0.2877193668230604,272.92004663483544,57.0041650061355,0.0322288600112094,280.8983614826235,0.0496087234463409,22.483944463312312,1.032520325203252,300.35499334705145,138.37180326853886,0.029165502238462,240.35499334705148,78.49969340706531,4.761908917097701,60.0,0.0,0.029165502238462,1.350932742396671,3.3407322595907023,73.14411790806928,6.678308025085546,5.558275391410824,33.58545821834881,1.362342108903449,7.409990457068524,33.9
40.20374242602259,0.2383428357027441,58.98214195485879,30107,0.1173937057201275,0.2946853718441444,271.5359725265278,57.588794874316285,0.0460059839308447,279.3085263289271,0.0500331525915333,33.864161112410514,1.0,280.41706351289935,159.14895271311298,0.0556272495521196,220.4170635128993,83.37139550679717,4.906551718050315,60.0,0.0,0.0556272495521196,2.2655418556797318,3.5397665358053034,72.74812695636764,7.462702488955997,6.374871371697276,46.02624594866801,2.281898879361844,4.854666403398548,22.8
54.862480485662005,1.0894932744889514,63.08611162107268,30081,0.2225597787424817,0.4039068891964985,271.86811407254527,61.60263774145865,0.0621025542760269,278.68116239543747,0.052785937962571,38.55214235327125,1.0191140595496793,268.3002767272348,191.65821876102464,0.2883738927757772,208.30027672723483,85.81250920106979,5.412230081918423,60.0,0.0,0.2883738927757772,11.098334726776056,11.752905708153484,60.53088574011159,14.036329797895156,8.13443088648244,66.06208329068691,11.116633952940113,5.14875184293316,53.9
29.59207945458822,0.2583853776205574,55.45936711521744,30105,0.0676466562878733,0.2488901916423028,272.5412325187814,58.45701333009517,0.0344705983957177,280.1347387413931,0.0507504541700345,22.77928091037801,1.0143788343558282,299.6265239848601,137.17744512876746,0.0315286962181311,239.62652398486009,80.92779021974987,4.335027670455758,60.0,0.0,0.0315286962181311,1.1545268218308733,3.308890024170765,73.16264078837655,6.572842860879622,5.410729641059156,33.403476646316456,1.1442636479578925,6.653634795880688,31.7
31.015900008594222,0.1219351641237255,56.1554786319553,30071,0.0751533824911627,0.2776461277688413,272.67432260915194,57.16509036924669,0.035905623413114,280.6060149852276,0.0499907439179056,22.922980831725063,1.0371147762005806,297.6550019177208,132.40536870315958,0.0516147260801333,237.6550019177208,79.40893685788132,4.620638347330464,60.0,0.0,0.0516147260801333,1.4241697712761252,2.8831007133399384,73.67525748085473,6.476614999800455,5.501616811909267,31.44624785813355,1.4214780148099078,6.892055496023039,33.1
34.54803320676719,0.3931143306219435,58.23463733206578,30091,0.0959855136227537,0.2718868760898066,272.4487196148601,61.7677974180426,0.0400911778057024,279.22931796277805,0.0509917743829049,23.096805738590373,1.0,299.5795430044554,149.72508013131875,0.0255817189206237,239.5795430044554,83.85395305560013,4.415553599577217,60.0,0.0,0.0255817189206237,1.0471508402453844,4.612639891275585,73.33961532907598,7.314513936643245,5.552025893910987,40.50289338732043,1.0515476070221554,5.750713061983108,26.6
33.04983094490106,0.3201416246005144,57.38694518034454,30019,0.0801625472719637,0.2852323329297477,272.0683740159237,61.34550568985211,0.0384520859525199,278.92596855535083,0.0505172415692343,24.220661160533968,1.0,300.0,151.04302973173657,0.0211271638920131,240.0,84.83801761542452,4.340781520192564,60.0,0.0,0.0211271638920131,1.0261893421581794,4.530014283795827,72.65795616981953,8.037361229287551,6.429170472936429,42.42174858724227,1.0152852865965356,5.04594107154222,28.2
42.83660560082797,0.6858504433815085,59.909180061018645,30001,0.2128976647224034,0.3094927320850813,270.02448860218544,61.49652715742362,0.0489129112004448,276.73903930807506,0.0524316447491268,42.5434012015908,1.0084076380043094,255.2851027872967,203.45164347598688,0.1673659425936424,195.2851027872967,92.73068114435824,5.016313329337229,60.0,0.0,0.1673659425936424,6.154344118199064,9.609889973619342,67.05658725396823,12.06299579563796,7.238040161993239,71.5209241856658,6.174453594535495,2.902852748263724,89.8
25.022861663739494,0.1703956637848044,52.16377045363758,30101,0.093723055697658,0.2230803379193159,272.11741915476426,56.6050829464814,0.0294456622504049,280.1492309098932,0.0511001945426532,27.775003498122302,1.0,277.427468015291,139.374627199414,0.0145166276258439,217.427468015291,80.61617731705323,3.8799621117066194,60.0,0.0,0.0145166276258439,1.2910998401141205,2.7466215231116102,74.18239675329619,6.4758417204493135,5.667881949642666,33.22745988057537,1.2988443673358792,5.9342834897206815,22.8
32.45260892324573,0.2036113221670913,56.60009459489584,30005,0.0960207567578032,0.2920802057352202,272.4931545906149,57.58772468133248,0.0375400920357869,280.3015933221618,0.0493216799463351,23.39048150844417,1.0227272727272727,292.3446428955796,133.55258600802054,0.0469782907541985,232.34464289557948,80.29396728620111,4.735559293526221,60.0,0.0,0.0469782907541985,1.6182234069380994,3.2429006406130663,72.85473117206877,7.282790308635601,6.360501731328682,33.475864469952924,1.6296685612515631,6.331660145853556,28.8
45.55265819329096,0.3727557647945747,60.92015221138404,30045,0.200806563577798,0.3756305346903421,271.9557890148112,56.27260627249501,0.0516546341023958,280.09814667874474,0.0499063542439379,31.827876982420428,1.2364076798851606,272.0928614144816,154.17837285947164,0.1490212547731812,212.0928614144816,80.95536199171495,5.7853804087335154,60.0,0.0,0.1490212547731812,4.389999049408865,6.648249671299775,68.44733105132256,8.89769567783492,5.959650023316667,45.301877968002,4.421147711457548,5.693632942801094,30.4
53.45605708612509,0.6324482927910375,62.4029468773121,30067,0.2514216591623698,0.3413140561237819,270.70282496162906,63.94081084795959,0.0604959350769163,276.89796066860566,0.050600468271938,44.99254854706961,1.018881361025996,258.75167259733803,208.71647784727728,0.2129406017919849,198.63129645216,92.5421281353973,5.159930696349679,60.12037614517799,0.0,0.2129406017919849,9.556476298199849,11.27651199452797,63.67273520352826,12.722390311074856,7.033517544581876,74.32329499085338,9.542330634143475,3.068169037306456,34.0
30.20609729577698,0.4169922168209805,55.80287074540298,30085,0.0689177315470007,0.2790940074338328,272.48776349007983,58.77308119621058,0.03519767453247,279.9944244674964,0.0508746994563573,22.57731536257217,1.0509915014164306,300.3980479925097,144.12589417745102,0.0210940289354517,240.39804799250967,81.27685634288802,4.619695608579291,60.0,0.0,0.0210940289354517,1.0522235259687271,3.5588156581463446,73.23098869128168,6.531964736693148,5.1863412400658815,37.27602187999556,1.048665549592583,6.565786622073913,31.8
28.062832760944065,0.548990954161181,54.36624679278596,30025,0.0621063929321606,0.30433632127776,273.2479416844876,55.18173725652449,0.0324057669211906,281.7289596848836,0.0486013366731801,22.73396266905525,1.0,300.0,125.37670128246396,0.02591832462297,240.0,76.13243280894018,4.956137183118492,60.0,0.0,0.02591832462297,1.1626268577857912,3.130694719295212,72.14683319414821,7.445743676760081,6.41860189996451,25.000279445587417,1.178013443209153,8.00052148444592,28.1
28.161078132544542,0.461409101910617,54.68617599675108,30055,0.0481233783227111,0.2478775323904825,273.23986319722286,56.72763453288194,0.0326870003582024,281.3137218116435,0.0502512076571827,21.49531992046448,1.0,300.00077034512816,127.65221683818066,0.017646463807154,240.00077034512825,77.34000676693191,4.282175890883847,60.0,0.0,0.017646463807154,1.2614384198029325,2.722875090832465,73.42262685702919,5.711142766883426,4.613556517937941,27.92789750260264,1.2630017475038038,7.677709595903469,34.5
43.00508169061512,0.2708917394161719,59.22945587562719,30095,0.1471318766599312,0.2940143273937746,271.6392364406798,53.95324533814775,0.0485964427678778,280.41463935334366,0.0500498419550728,32.499000654631466,1.0069036978246424,288.07073960780383,163.5589177765671,0.0856340139589457,226.71957645783368,80.10328823476088,4.769777757025988,61.35116314997014,0.0,0.0856340139589457,4.896756685008336,5.340616074291312,70.06657147311462,8.25312655349616,6.175315048495344,47.621077582529566,4.985446698488564,6.51117828491584,31.8
35.05145008429541,0.5951334160383749,56.70752409117585,30099,0.1492599483163918,0.2884841082149035,271.56081770042783,55.97073479351975,0.0402078369676809,279.77372518922886,0.0506455942431748,30.354901029713805,1.792290090349991,272.44786761129365,151.3624343164159,0.0772133650759653,212.4478676112936,82.00361285903523,4.714235843654863,60.0,0.0,0.0772133650759653,3.4481121726273374,4.919451019903447,70.45752698839468,8.527510192215534,6.260285061046853,42.53988896036812,3.4346231294518272,5.284657571474956,29.8
26.76571336813929,0.5687195164112083,53.56809947296328,30021,0.0489933324584753,0.2730516440957554,273.02107802819995,55.65152465072169,0.0311064167392382,281.3590275772898,0.0485610702209901,22.95813924088026,1.018181818181818,300.0,131.00666793935198,0.0179694948317419,240.0,77.13343385737711,4.594968862706685,60.0,0.0,0.0179694948317419,1.4736928882131,2.864693847230886,74.2061216989552,6.569316247458883,5.729490942498187,29.33646777093824,1.4748328476029005,7.675283467803809,32.5
40.25794886875191,0.6040914357248767,58.963642948463885,30035,0.1822978693300992,0.2965614212962881,271.5134689969499,61.42654646905287,0.0461943433574609,278.3540500245068,0.0513247484892568,34.03109834561116,1.0331703120768485,272.8210496915166,159.8659380190228,0.09805259459861,212.82104969151663,86.96225944603658,4.874306380776607,60.0,0.0,0.09805259459861,5.095274841707349,7.042800873927988,67.26755671503578,9.91970546575446,6.736237202976819,46.7410795423373,5.081815433907357,3.293857794990651,29.7
43.87144348561829,1.0179306294490231,61.292378215316354,30047,0.1984431903264332,0.4314583537116666,273.71470689963473,57.90135542265969,0.0497525870519327,281.5413010670045,0.0521374517616054,24.369632520707768,1.0,301.6968777042665,130.18246757512097,0.2667690067734464,241.6968777042666,76.79602769809341,5.460823067294351,60.0,0.0,0.2667690067734464,7.33043326965578,10.354195780304543,63.01621877427895,12.039983879417022,6.977541269451623,30.182164548493752,7.33438822938179,8.669689686113188,54.0
26.64087106118659,0.1468428538496074,53.39885266795972,30041,0.0792219131645751,0.2516388097006894,272.6652304217682,56.38575778235112,0.0311052790067139,280.78861545981755,0.0506441533426858,22.35854637869929,1.0,294.9045031083109,127.6539021811718,0.0240879327482871,234.904503108311,78.77380945138232,4.162471297897221,60.0,0.0,0.0240879327482871,1.0528100046283295,2.5570953683920763,73.59538288360005,5.901396917893369,4.9319181721496825,29.61874812200128,1.0457837500013942,6.632973416336324,20.1
23.12172515870903,0.2013026876492421,49.790413836759775,30103,0.0613243426116219,0.2640520066666507,272.86450398356976,48.16509088507108,0.0261040575297611,283.3331639990756,0.0505093172563717,21.86449824168767,1.0231325155476712,300.0014643309664,116.18882870827012,0.0603174125889308,240.00146433096643,71.53674901450829,4.272408556875134,60.0,0.0,0.0603174125889308,1.719281558245158,2.907490541467286,74.1295630196414,6.38148550975906,5.376006149009456,18.62249293887149,1.7437282716304228,9.754968992622867,70.9
32.427944001217554,0.4918708588706263,55.94452257985581,30013,0.1760271415491761,0.3375681659335933,272.1815251872129,52.21187963491635,0.0370254510130846,281.4120360676902,0.0512681782623969,28.15693080054084,1.0639471299565666,275.39377998546667,140.02855974127598,0.1183273180714694,215.3937799854667,76.63781273742562,5.298307880339956,60.0,0.0,0.1183273180714694,4.314291005544834,5.393321251164313,69.35911989659223,8.17915215057612,5.798723457250516,36.11735504537651,4.331661342964066,7.2769604551859794,29.1
54.2903006794721,1.1122831927161356,63.31304500606706,30029,0.2510906826442372,0.4832364964579824,272.0915139078895,63.25486693084273,0.0614884611604751,278.5254396908209,0.0524728104109657,32.61289217866332,1.0236430954353093,279.4423453747001,172.35616018264616,0.3722511665820984,219.4423453747,86.62376838023577,5.559105804294546,60.0,0.0,0.3722511665820984,11.36420627898341,14.51994977434226,58.30129145754153,14.350745191544124,7.0775938766198525,56.04173614624653,11.328291826711268,4.931876989208897,51.6
47.58943724776729,0.0964884921391001,62.878671711376576,38099,0.1627151724880494,0.3547334917825079,272.93909608318086,67.00135331162552,0.05444519163498,278.5736406716268,0.0512226706717602,21.21252230819342,1.0108023383885454,288.0,149.77888583792085,0.0674923101138131,228.0,86.01421448689196,5.011388193808242,60.0,0.0,0.0674923101138131,0.266864067060145,8.35353062497905,72.12348586473834,9.706530313874474,5.800627854854732,41.211927910566565,0.24790518728346,4.5832404594374285,47.3
41.93214330373371,0.2894921241906282,61.66548812631404,38081,0.1433579756482627,0.3786841453804213,274.4039992396274,62.67793356782292,0.0480108703008072,281.0810835708585,0.0499725469275737,15.525701275347789,1.0,300.1967697535678,132.28953137104037,0.0500267862245433,240.196769753568,78.07729959088456,4.738844921809859,60.0,0.0,0.0500267862245433,0.3047522908439449,6.328927385003447,70.9043683880998,8.883825624047429,5.891736644506581,29.81000654136474,0.3120881581204212,7.729979111226654,61.4
40.44753565214284,0.2148916001168632,61.31818548018539,38021,0.1482586007171224,0.3679533392094128,274.2828583609032,64.61470943367802,0.0465563471401289,280.50923374227824,0.049286786073187,16.14961937918106,1.0271710175812467,307.0885480329952,135.49332057526638,0.0405980494799512,247.08854803299508,79.68500640173758,4.993860417841328,60.0,0.0,0.0405980494799512,0.3616923018121481,6.193007395860691,70.86403375155668,9.129502486466334,6.2638639771600895,31.78418328927447,0.3522707289945185,6.945598697786017,51.1
42.89998993273869,0.1222584952238036,62.06211104228053,38003,0.1373490170052126,0.3731452695315893,273.9055782563807,66.08460418589519,0.0493357615659969,279.7835478491187,0.0500988682919135,17.4765600045424,1.0009198652155389,299.1584148534389,142.74611701325378,0.0341780365636602,239.15841485343896,81.88837210356974,4.690732275114517,60.0,0.0,0.0341780365636602,0.4517769447232099,6.275603974253712,71.77744632391314,9.556897849300372,6.61725858473664,37.53633179910698,0.4554184883263128,6.158434397994211,62.7
37.9166425575381,0.3821925077814047,60.40217817168955,38009,0.1917007485222847,0.3388441254199075,272.9552986455878,69.00196541180934,0.0439689605078695,278.1673775289668,0.0502055317565926,22.64226089093664,1.0167381743753767,289.85763216954746,155.92318085178275,0.073855661099896,229.85763216954743,87.31846528506561,5.182530024175773,60.0,0.0,0.073855661099896,0.3287100224982318,6.589364323986687,73.55641975636023,9.810201150499896,6.617091956359792,44.64660091800717,0.3228967123629189,4.928651505047747,48.8
39.96103842620935,0.3635265120434293,61.23343266233698,38005,0.1725909807901913,0.3131968879337657,273.39026786196723,68.49534364656293,0.0462233183072849,278.7253618123696,0.0503953020519318,17.803368988527662,1.0,292.92434910095005,146.22744288484932,0.0586834021267418,232.9243491009501,85.3057068723197,4.588174832112041,60.0,0.0,0.0586834021267418,0.5045277807316949,7.722186292830552,72.039683770994,10.365103098953591,6.64166445860703,39.49673317773907,0.508810123415597,5.11527760175007,50.1
34.45359446403366,0.4476447753232835,58.93932791206503,38029,0.1336148378419805,0.3327781905935703,274.23492873753486,63.796729577474,0.0399884669198908,280.6448074870126,0.0487535757739619,17.50393142810404,1.0370773445415995,301.9088135071698,137.87307670398806,0.0243249089595397,241.90881350716973,79.32482790435515,5.059388276849047,60.0,0.0,0.0243249089595397,0.9461558478953002,4.499042148965196,71.96811160548403,8.609530190408698,6.559970022530874,33.73660015939933,0.9615551362237597,7.388492586966471,50.2
44.86878136699956,0.0403218046569161,62.42910296578854,38097,0.1427503973338817,0.3605665621974506,273.68945069194854,65.18847492933156,0.0514403856038347,279.75422020338453,0.0509357779120532,17.012160170503975,1.0597433952673858,288.36512990130893,140.1188313666213,0.0404163417975348,228.3651299013089,82.05098098807305,4.801864933309682,60.0,0.0,0.0404163417975348,0.158733979016281,7.440711283537807,71.54322449826236,8.653357647488983,5.053942619881768,36.21795216162764,0.1526093594203121,6.280007723538731,65.3
38.476337938671485,0.3236453446330795,60.85411969482726,38043,0.1693769683185729,0.3126973634636328,273.9679726729514,67.5694400295912,0.0445947192599169,279.5260943378651,0.0493620855762678,16.689994565896498,1.0,307.1612129700982,141.1641561566385,0.0488621414051463,247.16121297009815,82.60114036508882,5.441432399829313,60.0,0.0,0.0488621414051463,0.584469041551661,6.57797887506138,71.26726235622681,9.238684461919894,6.083377090703602,36.88078337740232,0.5867498484861018,5.945700098880479,38.5
47.03523540275368,0.1115425651670161,62.97623846046122,38091,0.1263401615069933,0.3643206430406875,273.4853536849596,66.54315977219755,0.0538564317168908,279.2422411781781,0.0507628129715368,18.363959752921545,1.1223588372321929,288.9922996985068,144.1079878259784,0.0259892889621957,228.9922996985067,83.6750021752501,4.430953767040449,60.0,0.0,0.0259892889621957,0.3855480129517741,6.400525271010976,72.15328784393347,9.650856321707382,6.6924629308971975,38.05564027374618,0.3680849152995402,5.435853012378189,54.2
39.36896864589491,0.3197226427383559,61.01542227701623,38103,0.1534857972540927,0.3202295815053747,273.5963605010544,67.44375734739046,0.0455596556352919,279.16378124528586,0.0500623241510983,18.36107477451181,1.0175631930573732,296.24674694129607,144.01366291989797,0.0294779822220875,236.24674694129607,83.85632125976929,4.569048205141543,60.0,0.0,0.0294779822220875,0.38519926761328,6.553366388073869,72.65917389176023,9.3358777775442,6.243746978073959,37.78097406207325,0.4067996074320559,5.431983608292655,49.5
42.649177380443454,0.1390406785880304,61.9466872452448,38039,0.1620836602254124,0.3742616761437646,273.5110894399436,67.2086814526057,0.0491143230719508,279.12503391817006,0.0505430615220875,18.016523401856357,1.069075451647184,289.0,145.68530984878876,0.0418721341198292,229.0,84.01856322096161,4.989418476390177,60.0,0.0,0.0418721341198292,0.4700611133839242,6.561445235078146,72.0770699981589,10.140879173841942,6.970666406732316,39.66878644693234,0.4749317575344192,5.396267507303793,55.9
31.08135073375868,0.5038014077884165,56.76638443838917,38001,0.0963376751837763,0.3565271170343611,273.63531602494686,59.411165534275966,0.0360537985801193,281.05235581853907,0.0486796959942266,21.49581336049129,1.0,300.0,131.81985504693935,0.021539539551153,240.0,78.19376752762044,5.081942176460875,60.0,0.0,0.021539539551153,0.8084674243201827,3.3596707465913718,70.85246631773936,8.172193144945197,6.755863974255919,30.75652403632632,0.8044255975968168,7.271638804862493,42.9
44.49504153877769,0.2849690271498273,62.25276106741083,38019,0.1913237278472442,0.3124811569881177,272.6251947546438,69.12471509460988,0.0510866282722804,277.795482671326,0.0511700512884977,22.435017227858992,1.0513693664301316,288.00545565581183,157.96728561945082,0.0377021027710587,228.00545565581183,88.72000389617956,4.65270508917225,60.0,0.0,0.0377021027710587,0.3625780416973243,8.207760216040999,72.3948402513564,10.60465803788262,6.794803848437987,47.36671498422618,0.376790066273182,3.6445799571068607,54.1
32.00895829260881,0.4597760722346232,57.07455307027314,38007,0.0871416193213042,0.3319689553916379,273.3447938418753,58.87595090415277,0.0370602010662225,280.877686694866,0.0496883440174208,23.07843971212255,1.0,300.0,135.25560970486987,0.0611207073669767,240.0,78.67405404437312,5.102442374217921,60.0,0.0,0.0611207073669767,1.570294170835772,3.987558784823752,71.69609435764147,8.560065176083727,6.820030323615995,31.85163251978091,1.5793062222056409,7.104562565355103,45.4
38.06916133713299,0.4840504631688996,60.07792096936719,38061,0.1427496815535446,0.3090899754366294,273.00466842234493,64.82737604170741,0.0440414249015712,279.1158715311941,0.0494417540015362,20.30619997172924,1.0151353276353277,299.25137030303324,145.69743428267833,0.0611221109507925,239.25137030303324,84.21075237060184,4.702971414158887,60.0,0.0,0.0611221109507925,0.9509564849385476,6.163184572451534,71.59129887840948,8.347668642454753,5.619783726645835,40.09885386456359,0.950017083140078,5.499973297961323,43.2
37.04937536239915,0.434069936562277,60.174551715275214,38055,0.1520029881383553,0.3017930104755131,273.8172295789965,66.44021467528869,0.0429969336516351,279.6131273614254,0.0491484010508207,16.940755389676415,1.0,300.77056937402966,139.21622349390452,0.0587003194717957,240.7705693740296,82.4156840855302,4.644945603265002,60.0,0.0,0.0587003194717957,0.6493123225272158,5.695346313396032,72.04316826316963,8.546777232434321,6.031062386177828,37.08572407920247,0.6518157108666331,6.10814590722937,46.2
50.863054323543146,0.153552855061113,63.44325759850492,38067,0.1650106118221048,0.3622577064037033,272.8569940872072,66.13966429549679,0.0579850092387104,278.6719395655747,0.05149167578904,21.53052663487502,1.028900642236494,288.0,151.08010159285692,0.0720551796350351,228.0,85.70406615292272,5.38254934516899,60.0,0.0,0.0720551796350351,0.204408111078093,9.372936040481548,71.84401273528142,9.54579150571323,4.973884159480211,42.549574957981896,0.2036435702570157,4.722597813413008,58.7
39.55329705060553,0.2694713050412756,61.12343559788589,38069,0.180298431311755,0.3198361546667424,273.3596572772737,68.83822508909361,0.0457806291165643,278.62236188304354,0.0503799788033348,19.141246650720465,1.0278678372372592,292.1596206907044,149.07426385799928,0.0527266614271188,232.1596206907045,85.65461114348125,4.80273090007984,60.0,0.0,0.0527266614271188,0.4870764152371796,7.292817276363748,73.24692693517558,10.54859995955794,7.028574751684206,40.95014439368816,0.5001689986442077,5.245083299474556,48.5
32.00733522182971,0.4002402061887569,57.07565818425245,38053,0.0967824673279341,0.3058029460351907,273.17300164200304,59.95117315521822,0.0371598866690828,280.4377933710064,0.0498454310180467,22.31826593508259,1.0,300.24064591916226,141.1922429999534,0.0709639329185271,240.2406459191623,79.9976661177636,4.964953975199591,60.0,0.0,0.0709639329185271,1.6588038204149609,4.657651758109335,72.04425085803909,8.361435189396886,6.419770510228309,34.368246061216794,1.659471568936645,7.046787396329275,31.4
41.63849610461622,0.2215503281802517,61.61616100491388,38073,0.1453541254763853,0.3949404345824988,274.21809329445585,63.77345789293656,0.047801743543138,280.6310522643521,0.0498162331299397,16.2349801037759,1.0236494845360824,299.08723091890755,134.90256985590577,0.0402312134190475,239.08723091890764,79.363632380083,5.135024688913772,60.0,0.0,0.0402312134190475,0.3896397504625946,5.824780302122447,71.3166032914994,9.720196064298188,6.876745433472439,31.66758975212986,0.3903471445106531,7.1969523507741,60.3
41.93804338319903,0.3292104834829539,61.72151115039132,38095,0.1793867185453586,0.3236383751318443,272.822054995328,69.84052819551671,0.0483351162889447,277.85338644737703,0.0504904751843725,21.19137636873949,1.0517985675282773,288.94161716802586,156.06495983286166,0.0374559237982112,228.9416171680259,88.4162706765222,4.419796690419979,60.0,0.0,0.0374559237982112,0.1955989725925923,7.624926197262835,72.91418575218349,10.437583891875372,6.858086458109905,45.94040826474037,0.1930565927512118,3.940144876216325,51.9
31.44764738463838,0.4110087309263152,56.6706864378589,38033,0.0754513723393685,0.3294684734259771,273.2899457339888,57.78943523944837,0.0363611012906696,281.0917611505887,0.0492057200598281,23.29464303909057,1.2120633988846492,300.0,133.18885859002876,0.046163340110884,240.0,78.01546122746781,5.209880571384389,60.0,0.0,0.046163340110884,1.3049514469816808,3.718275798684151,71.81594133590805,7.748365566551437,6.596350328320984,31.4332325244217,1.2787654139127234,7.263617544419984,46.1
35.96396850028534,0.4241232622269716,59.252121868823096,38025,0.1193333491799753,0.3545744827777475,273.54126738683823,62.14767616398102,0.0415897155417939,280.2971417406441,0.0493128963496579,21.07206541212936,1.0,300.2443885994216,137.07387372907826,0.0712846134338963,240.24438859942163,80.4244120197581,5.441038701184538,60.0,0.0,0.0712846134338963,1.5733067132487015,4.80808076281218,70.64126218876959,9.036612142469124,6.818582258824399,33.790835218436186,1.5853419042909993,6.613584846332555,39.8
42.40090971710795,0.3315720986161743,61.97295670352919,38079,0.2051800303215249,0.3510804258596852,272.79762336994435,71.31607407215388,0.0488356663742493,277.5294471664252,0.0504465621234918,22.95904460929389,1.0266618648202792,289.0,158.94802164535656,0.111754875292201,229.0,89.47825790930412,5.10963222432559,60.0,0.0,0.111754875292201,0.5261604430157536,8.384423454981034,70.51341413780531,10.370553233119844,6.466806349869788,46.9889770360627,0.5086177711034388,3.931373111867183,51.7
35.21011216261473,0.4412878197395545,59.11763391136355,38059,0.1356455345061642,0.3730591945967818,273.8770963274687,63.0158532961296,0.0407964998446312,280.4469428774273,0.0486755197001557,20.628421145415945,1.0,300.5136343797959,137.69186618828311,0.0309414298904846,240.5136343797959,79.95898345868939,5.392536448015823,60.0,0.0,0.0309414298904846,1.230470956143567,4.076795269655113,71.61150280472646,8.333582355187003,6.640617725087862,34.7849902641455,1.2255208303078065,6.987002119653991,47.8
47.658437072437344,0.1529737989320644,63.013022323777406,38035,0.144123467193343,0.3672125926654646,273.32059301819686,66.19693337240113,0.0545153357439985,279.1462000041816,0.0511049144118687,19.6667927146045,1.0129577360687014,288.4048899938099,145.07475571857054,0.050415566434914,228.4048899938098,84.04076448793546,4.93445826937832,60.0,0.0,0.050415566434914,0.2448095481027553,7.770221155576002,72.00105990494093,9.8918081587884,6.263027888320101,38.63820025633838,0.2533303459059927,5.37051022047922,54.8
41.4161663648218,0.3086783661708897,61.72362739411749,38093,0.160076771304074,0.3450141496412685,273.9048369877244,67.09911438975855,0.0477719255430627,279.5612450335344,0.049768332142319,16.943488171236,1.0668399948993326,306.31938115795754,143.1226933733125,0.0450234929945311,246.3193811579575,82.52888662998453,4.824220156843119,60.0,0.0,0.0450234929945311,0.5507025017920494,6.894641862506509,71.15200697492709,8.782323276638758,5.563937442662788,38.17920520207647,0.5547212534026433,5.854591735148769,53.4
38.82176046748395,0.5186425069039159,60.5196868347427,38101,0.1626177698144614,0.3358008261647197,273.19563730955,65.82162775005634,0.0448995660939078,279.09610406493107,0.0493011541738344,19.90928631175858,1.0115112460359557,297.8438163583836,143.49350890381868,0.0621659718954248,237.84381635838352,84.22751686577044,4.811065047824524,60.0,0.0,0.0621659718954248,0.6041125709865915,6.275688421948831,71.88485988945361,8.45642176128553,5.7243688829781325,39.050700313687074,0.6242886137943638,5.331346947091429,49.3
39.38293173034224,0.370458838638839,60.94762586935784,38049,0.1660231570364135,0.3661678677410879,273.4220110794316,67.40755751694128,0.0455634662347931,278.9905264374604,0.0501364774762507,19.34694880213552,1.0236182184453655,292.89629531349635,146.8775415757393,0.0628671524759847,232.89629531349635,84.47981776675347,5.28595296668414,60.0,0.0,0.0628671524759847,0.2964327461499827,6.168255114120786,73.3956218839953,10.618184065729295,7.613167716014888,39.98960319377719,0.3170253979784194,5.604781733554822,41.6
33.93750802656428,0.406194027194855,57.97653689815391,38105,0.1224485306906101,0.2794946976492767,272.6961238410987,61.43095254420431,0.0394004875202506,279.5714809963588,0.0502901509903982,21.598162448724395,1.0,300.4015557755564,146.09972816308664,0.0372071721576805,240.4015557755564,82.7295358942366,4.52106124275298,60.0,0.0,0.0372071721576805,0.9795466926099676,5.050932443715811,72.34295670924826,8.185738777717928,6.1368980274038005,37.833610821033474,0.9962399050767924,6.2753255522224345,35.3
43.70819949280367,0.0403681912647152,62.14558919691137,38017,0.141639202411454,0.3623262528402635,273.9976594888108,64.19455068775304,0.0500977824216858,280.30423628223303,0.0504834126714011,16.544149617607296,1.0485867031706686,289.35459174223627,134.9838597884159,0.0515130531314851,229.3545917422362,80.35503732745683,4.596216654045126,60.0,0.0,0.0515130531314851,0.172636201859898,6.568354594782427,71.85068854754549,8.366276544915246,5.198845331935351,31.43971017080856,0.1723352792474005,6.956125319066453,64.7
44.26825269757459,0.2051790321319454,62.28118832456557,38077,0.1436899442719268,0.3842535911413791,274.4409101711033,62.371194943222136,0.0505182134351757,281.19161317587685,0.0508032599597091,14.771614267767209,1.052672849915683,300.6604262186289,128.2071727483645,0.04638348342477,240.66042621862888,77.77138675352151,4.883890235471019,60.0,0.0,0.04638348342477,0.1815407698438081,6.067989903436093,70.64253754057225,9.140629030097683,6.194876518405669,26.68113296541009,0.1859902034901008,8.025683389039903,62.1
55.56208038575004,1.003291206303917,63.4582323274534,41063,0.1770164772841756,0.4260488386698659,273.5677818580284,56.17788675172741,0.0622294310026261,281.8290339876182,0.0536406701455631,28.537762359225837,1.2781546176560972,286.8817364873857,147.12698707849435,0.2444910003285776,226.88173648738575,76.22906795252436,5.745023965039861,60.0,0.0,0.2444910003285776,10.166618735251705,8.131537096268243,62.59217355053009,11.233772764187714,7.292772400461107,40.89615035898944,10.16363342131233,8.696697214754522,67.2
45.568073619845926,0.7181166453987218,60.61610302010761,41001,0.148232449978379,0.3751658282348853,272.4026877429608,54.23332684294918,0.0514349791991399,281.1156768258957,0.0547161402286567,25.69017041262917,1.0228676062590167,299.1561787235148,135.1955807751743,0.1750291048458106,239.1561787235148,77.78824078172184,5.401468778242099,60.0,0.0,0.1750291048458106,6.9635495545904105,6.613693705718843,65.94319415134713,10.43004172578208,7.158009894696765,31.376077873915683,6.957302031076107,8.132335560987434,84.4
29.684851059707125,0.7733997741551488,54.77395397474613,41021,0.0220050677059545,0.2597904442112795,275.6993994449149,48.71886581109466,0.0318203439895901,286.2546957450264,0.057336538119664,12.558561414414337,1.0741370201100269,315.47773384631193,59.91847001687779,0.0196853400656383,255.47773384631196,66.50969013582643,4.510427160270456,60.0,0.0,0.0196853400656383,4.516622585098383,2.641769611486736,72.2493728161614,8.370587723620206,7.062155339360702,6.771640821673885,4.547002897710806,12.828595104045872,17.2
48.44506792384835,0.7681428578548446,60.65334579859803,41031,0.1211951564109455,0.3991481391556972,274.72440540580754,52.84545024050784,0.0535527659035448,284.03813690041886,0.0577331159668933,16.880954839914196,1.1424411697904269,298.8782261465845,87.72255947210343,0.1683282784824845,238.8782261465845,70.7996434087711,4.941915113173258,60.0,0.0,0.1683282784824845,5.33769703279297,5.959154501972545,66.46932062337109,10.08728782825233,7.098894188247406,21.27754676108114,5.329502444306752,10.934975988337683,109.7
38.9621075664926,0.7913065200573186,59.92420556839884,41055,0.0236096983394673,0.2715001413198233,276.20166414523914,53.03005588783891,0.0426825959757737,285.5103243589054,0.0583091350406808,13.111679605039932,1.1514168974820682,311.2349083307335,57.40883149296455,0.020792924175115,251.23490833073348,67.8793816705421,4.698889118556682,60.0,0.0,0.020792924175115,4.257855696731502,2.738804728580522,71.77732516117972,8.599808193022442,7.254974033872606,5.065128332418652,4.269421196136802,12.23577518237236,20.0
25.936776605096,0.8085457959632352,50.81724655575741,41049,0.0710509821828422,0.3280261325263311,275.27640306158344,46.13103028683104,0.0271769752464553,286.6489944091775,0.0556346533232405,13.937802097364042,1.1053387730034436,314.0713000617829,68.17141456900067,0.0782194130564951,254.0713000617829,65.99418438135504,5.040540010455677,60.0,0.0,0.0782194130564951,3.358371104518571,3.711741940976895,69.40818075170186,8.87788367193718,7.0407021067197295,10.91745719289826,3.403849822945644,13.205564475586575,22.2
31.91411607677744,0.9076564538935972,54.35133097129009,41059,0.1308202523621493,0.4015460496323979,275.08087004527187,48.03975727583369,0.0342731325670741,285.84076967614675,0.0549776987869398,15.966223982359478,1.1791132085763674,307.4073738963545,88.44284775817563,0.1421210612879572,247.4073738963544,67.47466402718476,5.588127377601068,60.0,0.0,0.1421210612879572,4.739266738360263,5.003910071532991,66.89191301341538,9.63583546364369,7.184672218245484,19.495949843897677,4.725588900223463,12.666864842426447,53.3
57.092589432762416,0.6873600236107825,62.862433669288485,41035,0.1949798343777045,0.4910690464786206,273.4763683143878,55.491060464198654,0.0638938397910069,281.9368947271847,0.0568970459759815,24.03629540541636,1.123354233583384,296.89350151925777,126.45586356156606,0.3016186637725743,236.89350151925777,75.55232639778347,5.729630087869436,60.0,0.0,0.3016186637725743,3.597070540785703,8.581465399102804,63.7067801809752,11.98402166547795,7.73659495620071,34.1128294462214,3.615549938136529,8.965385364873656,51.6
53.22216644001098,0.8633116551094064,63.26647711525531,41061,0.2193939627835923,0.4953910859593888,273.6826386215594,55.414864670617135,0.0596265021759092,282.1374879794361,0.0543857221734,24.52123008243761,1.19090861048478,296.31012420504754,136.06898962182234,0.3044124170332197,236.31012420504752,75.23255446351759,5.877024383401291,60.0,0.0,0.3044124170332197,6.371089793153503,8.579057216229144,61.22271244212668,11.539366474568208,7.321172651747695,37.49677284477406,6.273231660701773,8.831890496919328,67.4
57.72691977446075,0.8754508853755201,63.00176973737935,41065,0.1026563536819959,0.4101494481466062,275.732642293821,56.328485325409744,0.063857031950718,284.151884712099,0.0580795822300137,14.608624365194188,1.131150450296155,298.7761745320232,73.51661784852101,0.1636417074292685,238.7761745320231,70.62237185527792,5.211991466899094,60.0,0.0,0.1636417074292685,5.075754916910501,5.3241801970607625,66.4216520710435,9.788073091916704,7.1351870171733465,14.05607550792763,5.081237292160593,10.915499757285671,28.1
50.8544603264054,0.4872024162654882,64.18134428340694,46039,0.1769119218476353,0.420672166513261,275.1856811725688,65.0021351671655,0.0577889248175565,281.3698183216813,0.0520842883966099,12.973375184506338,1.3571428571428572,310.15974889296183,124.78566993792496,0.0501048794799855,250.1597488929619,77.05756274838684,5.530545265708562,60.0,0.0,0.0501048794799855,0.6496171286192023,6.579899352491244,67.64273252117604,8.875942225493448,5.845361436060954,26.39522359016932,0.643478121335792,7.670253926222529,73.0
36.33110023703396,0.4446500679480384,59.36787914307447,46137,0.0568350086882311,0.3139952679801037,274.3844174357353,59.068700153970106,0.0415686743285384,281.93352976562545,0.0513497126142093,19.270338782647723,1.022222222222222,300.9651076367818,124.39990287399615,0.0151796530124921,240.96510763678188,75.79072942524056,4.784456772205503,60.0,0.0,0.0151796530124921,1.1909154341068016,2.9602119075522086,73.41772146548577,5.583389291272032,4.232260283183801,25.41570582807892,1.1916733470350604,8.562062002087774,35.9
37.35345350977656,0.5473833490333443,60.21394067311592,46129,0.1379928023231139,0.3520102057331841,274.7468193897566,63.00622716770614,0.0430086992227684,281.36526935908626,0.0500405543033194,16.244855100976363,1.0,301.60182736564707,131.85273911668685,0.0291081889443958,241.60182736564704,77.24023772180722,4.866542837827146,60.0,0.0,0.0291081889443958,0.7803700868353969,4.213144269598919,71.31412822405831,7.919050619662734,6.157815502248284,29.774946189658458,0.7886608731790997,8.096878424648333,59.6
37.59406998245285,0.268995194540176,60.2833139585008,46075,0.1102540165822264,0.3425337084833761,275.444446546433,60.22437657355177,0.042802078139928,282.77226460927005,0.0522421874230837,16.0,1.0178521422570708,301.0,111.6092646262384,0.0192085942096719,241.0,73.61819477423956,4.957259332154956,60.0,0.0,0.0192085942096719,1.271072862499765,3.613025460144472,71.88940425555151,5.637697955528791,4.037494842216681,18.28545343883141,1.284431117096214,9.56392380639492,34.6
44.608482644129,0.4651988025793842,62.57789833342269,46109,0.1644627416019443,0.3979415245223027,274.7807336505888,63.38670346320645,0.0509195333613207,281.31532296472244,0.051082174050763,12.246611859142927,1.0285458412627335,315.13659952045083,126.05019034648991,0.0449593814571759,255.1365995204509,77.35505335221637,5.163430171898419,60.0,0.0,0.0449593814571759,0.6220679145112925,6.248403966489786,68.91675604177459,8.623498576054665,5.777664494323775,28.395425084941,0.6223812265373488,7.85034727393003,54.7
41.76314695503335,0.3853427384326584,61.79826917843674,46089,0.1503969731042613,0.3747847913689686,274.32076812201257,64.94884701721364,0.0480086738157057,280.472480432977,0.0494064789470202,16.48220026745457,1.0,310.0,134.81177260313245,0.0322355607450682,250.0,79.76871748218315,5.492268006534517,60.0,0.0,0.0322355607450682,0.4610216548560873,5.100506787076608,70.7442713367342,8.692812122956807,6.409655109222653,30.99311343939472,0.4550250228310096,7.006801479661353,44.0
40.5281318300672,0.4164636014287739,61.51787814509285,46037,0.1761244923568911,0.3360584667788102,274.8230628034583,64.11751906433608,0.0465388913551002,281.1933357893712,0.0504901194787385,14.061026850315384,1.0,310.0,130.38361816092012,0.0721828322285032,250.0,77.65056231638515,4.88583405100209,60.0,0.0,0.0721828322285032,0.4870170871710528,6.500520586920505,68.68554267977356,8.603985963917106,5.698034320838855,30.29350777671424,0.4869615279023038,7.795883684763068,50.4
46.11805642205013,0.2515346053899072,63.254167121563306,46123,0.1380148080946613,0.3853140610680621,276.03184095122714,62.208116354484126,0.0521540117344643,282.9115690593206,0.053003973293382,15.994865848378833,1.0,301.0,110.53529527397818,0.0428441429827786,241.0,73.15209362147608,5.612139331787435,60.0,0.0,0.0428441429827786,0.991572594540706,3.9380005817627226,70.67709217941338,8.240855856341145,6.433925666462597,19.853354083053485,1.005046389639287,9.543709427693509,36.5
31.730914371691085,0.5368561714202509,57.32487149103864,46031,0.0817383056531344,0.3352036518188756,274.1524227330643,60.28882725788135,0.0367474266486287,281.3880133275836,0.0493857867410211,19.43705452519574,1.0475594905045584,297.3567325495386,130.13271312720752,0.0266405730450377,237.35673254953863,77.2516489186632,5.3817355060183045,60.0,0.0,0.0266405730450377,1.0180893716948618,3.386290594753999,72.53670730643017,6.458058119316962,5.0953758918746725,29.66097219098446,1.0176413369463604,7.962392878649811,41.8
40.21470428763039,0.3124838058000592,61.2314950264878,46091,0.1716559734166493,0.38326807629978,274.5815228312923,62.99113827586086,0.0461439918831788,281.19597480467377,0.0502241278428516,14.755802390242192,1.0,308.99038580651666,132.73527029693918,0.0587209156692103,248.99038580651663,77.7206049107235,5.266503777706854,60.0,0.0,0.0587209156692103,0.6076183951315817,6.470495345896763,68.20537888810208,9.214199177686636,6.265284342195078,31.30137700778038,0.6149265632196222,7.857991816392592,58.5
48.00527449693084,0.3851178828680567,63.7126515877083,46057,0.181691442328221,0.3797824770096903,275.23865182678304,65.5826608451655,0.0547360066008904,281.2933594998992,0.0519509851488206,13.055063779978422,1.0,310.0,124.59321288739643,0.0454764356992424,250.0,77.21733083284579,4.919610293508884,60.0,0.0,0.0454764356992424,0.4672698624332285,5.793646842394457,69.08097558976473,9.072432386896642,6.331945502730634,26.85655026779572,0.4726872667146579,7.756197980513535,58.6
43.89435333873686,0.3364902937865182,62.3797461690353,46059,0.1440006430959276,0.3786418495701336,275.2017003856587,61.986884779673375,0.0499253725238752,282.0866582951394,0.0510574868766408,15.09905707613437,1.0,308.64462139142705,121.84335163109404,0.0285388255622112,248.6446213914272,75.30281785461173,5.126570763041456,60.0,0.0,0.0285388255622112,0.4554285488942541,3.844969819819581,71.54389252009405,7.062045423118515,5.506668619870654,21.311467662639583,0.4572294443962771,8.833057240856556,56.5
45.201440646577694,0.3490653365202836,62.73186666457573,46115,0.1487186082003386,0.3820615732419495,275.16322729934194,62.00859076001886,0.0513574011114588,282.0405066906081,0.0505883583244323,14.22692830083466,1.0,310.0,123.85436187745351,0.0189443998931613,250.0,75.42660075859717,4.786063541740517,60.0,0.0,0.0189443998931613,0.2059509302569886,4.153940105251204,72.77319097918952,8.691309304761452,6.856403033859592,23.655291442480618,0.221304514142676,8.92978344712458,63.3
43.48773358555778,0.4419591086753739,62.23438361404598,46049,0.1358798142005862,0.3711000947768288,274.80854666407305,62.54569092218895,0.0496210364322146,281.538962535994,0.0506401448464027,15.195150000752635,1.0,308.2436499932264,127.62633254557228,0.0208027272914912,248.24364999322628,76.77731578553816,4.976592457999904,60.0,0.0,0.0208027272914912,0.3088246023283474,4.0861260594722,71.83471930477553,7.715581186972527,6.149394581900304,25.46564395706953,0.2962923903031064,8.246435747597415,56.2
39.821299453122805,0.3874302999075447,61.16513484855605,46013,0.1479519234744193,0.3904034466615102,274.72673136597103,63.19079615332803,0.0457089098943846,281.3014324949101,0.0498988416267825,14.72549448838391,1.0,307.14054194606007,128.96938158718277,0.0288770804434119,247.14054194606004,77.41792061672068,4.687363755069358,60.0,0.0,0.0288770804434119,0.1878027805374714,5.200345627357101,71.79671271075172,9.336796571405236,6.89981061484004,27.087447782560275,0.1917788325395851,8.049842495652701,59.5
57.426062664002416,0.3409449378061223,65.41829974164352,46011,0.1726854076249241,0.4141032660329663,275.5244074753535,66.30929999760254,0.0649953036241822,281.43144313319056,0.0525487810452119,13.0,1.0,310.0,123.06105068919848,0.0449812036815822,250.0,76.71971295717795,5.320429040206796,60.0,0.0,0.0449812036815822,0.5299669560872317,5.717971370467849,68.13918448771376,9.054245658638504,6.355515548931173,25.35206872423029,0.5306019770195997,7.893573354889783,65.5
38.76206283444377,0.4536313937879027,60.996815046936376,46119,0.1042530117528949,0.3186528107225119,275.3643314865409,63.071983146962495,0.0444275838337466,282.0024891903359,0.0509106602517433,15.54492166152899,1.0804429091941514,302.67582781984,123.43950154837636,0.0267429548183409,242.67582781984007,75.44708061537625,4.192810829533217,60.0,0.0,0.0267429548183409,0.5620147525086656,3.685064136402129,72.3463014303209,7.78468374275301,6.46778707780065,24.616857936689,0.5701581731840316,8.728670559753839,47.4
37.857863018646526,0.3587729453297852,60.71939706400706,46065,0.0970203329053523,0.3077239172649939,275.6244427069239,62.68858207724671,0.0433424845891369,282.3676385351732,0.0514631844215116,15.795332270551684,1.063736721516351,302.1310043853926,121.18708266436713,0.0267295761384434,242.1310043853927,74.50114807877448,4.222488236238754,60.0,0.0,0.0267295761384434,0.8551064469296564,3.9805653637812535,71.75820807560052,7.345774582203734,5.79975401140772,23.097944689968436,0.8674783236619479,9.121084370224686,42.6
43.35647758809015,0.482683985907744,62.54450864357428,46029,0.174737169681194,0.3734988171457491,275.01911257783394,65.59926636653674,0.0497139708811121,281.05941355675805,0.0512617711726513,13.0,1.0,310.0,126.84147259446004,0.0489342253603789,250.0,77.9091643380656,5.278903352240051,60.0,0.0,0.0489342253603789,0.5285173490898477,5.939333948195204,69.17807783599285,9.169630231884202,6.414154319596308,28.651933226280867,0.523118919752331,7.423054160589345,59.3
146.12010802993933,0.6633441165667753,69.4386493476336,53057,0.3040588191732638,0.6077481381570387,277.8453866890901,75.48432715559171,0.1617291155650165,281.94218464374234,0.0553939042366847,23.448164305360372,1.020516533912624,293.8358370288552,102.5296234122015,0.4972726584303277,233.83583702885517,73.49309850645962,5.596755814529179,60.0,0.0,0.4972726584303277,12.49483764649261,16.42454995662234,53.55769847931278,15.579116735318598,7.310721471243783,27.135345228265688,12.421781431650333,9.141668430942854,70.0
39.024985247955264,1.1440664612974631,59.72499436312735,53063,0.138888987001229,0.4288635916467698,274.8179226813202,51.42189868304074,0.0431249663236552,284.47680469438706,0.0548552454259969,18.78175721885185,1.0988698910879495,307.0495801461725,102.1289617400374,0.1672712467517694,247.0495801461724,69.71924093445212,5.835798130487616,60.0,0.0,0.1672712467517694,2.6519702886096668,5.909355012453955,65.06973978456568,10.459497312748285,7.529699241193646,18.24228900322903,2.6662459408826957,11.545503640559437,35.5
33.8794264011081,1.0486652455912306,56.88291359083987,53075,0.0847012066909234,0.3215451114759003,275.04056657708304,47.79953653212837,0.036540323982872,285.830598486102,0.055124043517321,15.85605174166295,1.2401213960546282,307.422710447753,80.8741053910833,0.0273335979668267,247.4227104477529,67.11408765176084,5.762444694237647,60.0,0.0,0.0273335979668267,2.557318212149935,3.7113257326928695,68.5129692480338,9.70261997165845,7.8666763791610546,10.472553565295502,2.562843218495336,12.662760067218624,40.0
30.97650896099586,0.943399298929138,55.40821182244432,53043,0.064610695082385,0.3108664586886812,274.50913410432344,47.91819051667403,0.0337366821889295,285.215885613753,0.0557521195888343,17.17740642693245,1.1542105528397923,308.112668869014,92.21924957100175,0.0395912474494892,248.11266886901404,68.09772452259692,5.319595185831005,60.0,0.0,0.0395912474494892,1.8868854916590805,3.219233391107005,71.59551933572615,9.292471051198005,7.716214768679838,11.309177730986796,1.890692321157549,12.405386546099905,27.5
36.760645051143264,0.998615351472632,57.79140274984163,53023,0.1078603349028922,0.3688027917232136,275.070734488247,48.326435976737656,0.039723659865187,285.71729362540407,0.0546753420471264,16.596458191032742,1.0711821935651449,306.8803014875155,92.40780713737593,0.1114001270868508,246.88030148751548,67.47103794872623,5.826497450896879,60.0,0.0,0.1114001270868508,6.11648801323437,5.1337042275220455,67.10201153944367,9.8861163102994,7.351660894101639,18.159563232057472,6.112416303574043,12.565615930150535,41.2
58.87642274520973,0.747421102191808,62.00167766177741,53039,0.1324801420709304,0.4659690170196602,275.2872604406716,54.78118253813556,0.0649563988529216,284.1295452510433,0.057589738518362,12.338003266607792,1.0816030842110569,312.5535266304863,68.18404673352143,0.1942426062812314,252.5535266304863,70.72288755223184,5.606520857471531,60.0,0.0,0.1942426062812314,4.920946127898738,5.520528227616211,65.12001466511647,9.797838150478588,7.060400885656427,8.647488415110834,4.954920839497797,10.942495774325764,21.9
21.02136533680052,0.8600807628310065,45.817757637541945,53005,0.0564466158814082,0.300058477372014,274.9565221292605,42.17780205391714,0.0208898643833548,287.6548375784917,0.0565056467810773,11.692779761648668,1.0727988608811336,316.6658342296605,61.52243707782986,0.0298906968110314,256.6658342296605,64.04730653673943,4.516632566650268,60.0,0.0,0.0298906968110314,2.09224079124206,3.008835945427243,73.37338368412634,8.52451612070391,7.051519793741884,3.7027317902164087,2.088039812178191,14.924246451964338,16.8
21.49993255396705,0.964069657091983,46.01611187897934,53021,0.0938903626649529,0.3677438166262506,274.93313904631543,41.34830225735864,0.0211286388937789,287.9336552971572,0.0558481435062319,11.199286019747124,1.1269936370461942,317.26068359314786,62.72935366202919,0.0473891195242383,257.260683593148,63.63821072697163,5.2257004908540905,60.0,0.0,0.0473891195242383,1.7965379450142631,3.476681503469458,71.54353461851203,8.987992677841167,7.255558465529668,4.327258705468632,1.7824146893429789,15.368231571357612,41.0
45.6790179350959,1.061057102691333,61.64819784976777,53003,0.0783882944071052,0.3529096012878529,274.91532116634465,52.066057380347054,0.0504231204257739,284.39192633634303,0.0535636137112521,18.891088365648688,1.0142259885591258,307.70511997522124,104.60486438431796,0.1153577941489006,247.70511997522124,69.99545727144246,5.580719137573313,60.0,0.0,0.1153577941489006,8.405674731850985,4.728192040823121,68.32278276336004,9.412783441050458,7.0947440945818085,21.367340400504563,8.49999276993625,11.38996396891074,21.8
35.18942762502449,1.0186122994290916,56.64576881741938,53013,0.1414189836725692,0.4135563539440839,275.1760668475062,47.50788010076118,0.0377001352509594,286.09854859534283,0.0544921862015786,16.179052061261192,1.4754197315279105,307.00677154822887,88.27793512853329,0.1692582974275961,247.0067715482289,66.88063473076052,5.880867239853309,60.0,0.0,0.1692582974275961,7.294004064109005,6.59433682061016,65.55624776747845,10.65637472953505,7.380990844862487,16.17731713374198,7.167184540985308,12.790780512270002,35.0
26.062582434989057,1.0394406657523223,50.946764698482646,53071,0.0925229938970085,0.3564355410201074,275.65912944647107,44.17466318779755,0.026514150351116,287.71427514006507,0.055319720551613,11.503403384646148,1.624698735352908,314.9272220355496,60.520908878700105,0.0524656203515294,254.9272220355496,64.20508885816453,5.548061368379967,60.0,0.0,0.0524656203515294,2.6552868912488203,3.468793075727372,70.44815311863421,9.202862502800247,7.486004723210163,6.830638592519693,2.7002772980796106,14.814727305660426,54.0
36.67230183435254,0.946153828920214,58.26645216326634,53017,0.0650337881556726,0.2519570794818037,274.2581172051834,50.97223131830872,0.0407050929974119,284.02184229469066,0.0573225849722543,16.763876561061295,1.0453661206243834,306.53352715237725,95.43686026253,0.0307233471366595,246.5335271523773,70.60935694265845,4.977088354866222,60.0,0.0,0.0307233471366595,3.5055150250673845,3.210526951321299,72.23041652240732,8.71722659412721,7.128336918737256,10.231815439060744,3.5324529490298144,11.277110609138877,16.8
65.84666157484122,0.8767862105527181,61.71422022694793,53077,0.1674789255297988,0.4366665364230703,274.18688060486846,55.18303413728562,0.0727497059963799,282.93234974424564,0.0566338482998655,19.13681018129305,1.0677094544163566,299.1284320619364,107.47467292085844,0.2069471946254643,239.12843206193637,73.8858940230197,5.326433351433762,60.0,0.0,0.2069471946254643,5.885821307735169,7.966818361952058,65.4762427079867,11.249892033562578,7.2247701015368,23.755729708543747,5.877837364953852,9.83732341444412,27.4
