system:index,DMC,EDDI,FFMC,NDMI_mean,NDVI_mean,ann_dewpoint,ann_humidity,ann_precip,ann_temp,bfi,crop_mode,fall_frost_days,first_fall_frost,frost_days,fuel_load,growing_season_days,heat_index,lai,last_spring_frost,pct_tree_cover,slope_deg,soil_organic_C,soil_pH,soil_quality_index,soil_texture,spring_frost_days,topo_index,wind_chill,.geo
"-97,3520",70.39606362992761,0.09388887882232666,67.60314928441795,0.07921312749385834,0.4948435127735138,279.5365295410156,60.443898046552476,0.07665152102708817,287.0594177246094,0.05228032827914548,37,6.0,324.0,79.0,0.9098039215686274,264.0,64.94414904868836,0.24380000000000002,60.0,0.9098039215686274,0.46373534202575684,4.0,64.0,6.0,4.0,8.0,0.9274706840515137,14.139061690772621,"{""type"":""MultiPoint"",""coordinates"":[]}"
"-94,3520",70.39606362992761,0.09388887882232666,67.60314928441795,0.07443176209926605,0.440568745136261,279.5365295410156,60.443898046552476,0.07665152102708817,287.0594177246094,0.05228032827914548,5,6.0,324.0,79.0,0.0,264.0,64.94414904868836,0.24380000000000002,60.0,0.0,0.27556684613227844,4.0,69.0,7.0,5.0,8.0,0.5081475463670837,14.139061690772621,"{""type"":""MultiPoint"",""coordinates"":[]}"
"-93,3520",70.39606362992761,0.09388887882232666,67.60314928441795,0.0697145089507103,0.41442903876304626,279.5365295410156,60.443898046552476,0.07665152102708817,287.0594177246094,0.05228032827914548,4,6.0,324.0,79.0,0.0,264.0,64.94414904868836,0.24380000000000002,60.0,0.0,0.0744534507393837,4.0,69.0,7.0,5.0,8.0,0.14774408380953932,14.139061690772621,"{""type"":""MultiPoint"",""coordinates"":[]}"
"-105,3521",70.39606362992761,0.07708332687616348,67.60314928441795,0.054992079734802246,0.42630553245544434,279.5365295410156,60.443898046552476,0.07665152102708817,287.0594177246094,0.05228032827914548,5,6.0,324.0,79.0,0.0,264.0,64.94414904868836,0.24380000000000002,60.0,0.0,0.6212060451507568,4.0,69.0,7.0,5.0,8.0,1.2013424414818608,14.139061690772621,"{""type"":""MultiPoint"",""coordinates"":[]}"
"-92,3522",70.39606362992761,0.09999999403953552,67.60314928441795,0.07756949961185455,0.4642173945903778,279.5365295410156,60.443898046552476,0.07665152102708817,287.0594177246094,0.05228032827914548,5,6.0,324.0,79.0,0.0,264.0,64.94414904868836,0.24380000000000002,60.0,0.0,0.438605934381485,4.0,68.0,7.0,5.0,8.0,0.45335047629298614,14.139061690772621,"{""type"":""MultiPoint"",""coordinates"":[]}"
"-156,3523",70.95238985889563,0.04902777448296547,67.74513828461289,0.08532874286174774,0.4555618464946747,279.715576171875,61.050451241264334,0.07729057222604752,287.09564208984375,0.05228032827914548,5,5.0,324.0,76.0,18.556862745098037,264.0,64.81508975855257,0.24380000000000002,60.0,18.556862745098037,2.009671211242676,2.0,70.0,5.0,4.0,7.0,3.98795527829573,14.265272377837372,"{""type"":""MultiPoint"",""coordinates"":[]}"
"-130,3524",70.95238985889563,0.05930555239319801,67.74513828461289,0.06704743206501007,0.4384843707084656,279.715576171875,61.050451241264334,0.07729057222604752,287.09564208984375,0.05228032827914548,24,5.0,324.0,77.0,0.09019607843137255,264.0,64.81508975855257,0.24380000000000002,60.0,0.09019607843137255,0.4322412610054016,3.0,70.0,5.6,5.0,8.0,0.8003136040085744,14.265272377837372,"{""type"":""MultiPoint"",""coordinates"":[]}"
"-158,3526",70.95238985889563,0.05277777463197708,67.74513828461289,0.09065911173820496,0.4582827687263489,279.715576171875,61.050451241264334,0.07729057222604752,287.09564208984375,0.05228032827914548,5,5.0,324.0,76.0,13.443137254901961,264.0,64.81508975855257,0.24380000000000002,60.0,13.443137254901961,1.5035308599472046,4.0,72.0,8.100000000000001,7.0,7.0,2.559574953613447,14.265272377837372,"{""type"":""MultiPoint"",""coordinates"":[]}"
"-98,3526",70.39606362992761,0.07999999821186066,67.60314928441795,0.07955562323331833,0.48631104826927185,279.5365295410156,60.443898046552476,0.07665152102708817,287.0594177246094,0.05228032827914548,24,6.0,324.0,79.0,11.458823529411765,264.0,64.94414904868836,0.24380000000000002,60.0,11.458823529411765,0.7566887736320496,4.0,67.0,6.1,5.0,8.0,0.47811428242921233,14.139061690772621,"{""type"":""MultiPoint"",""coordinates"":[]}"
"-158,3527",70.95238985889563,0.05277777463197708,67.74513828461289,0.09088744223117828,0.4636813700199127,279.715576171875,61.050451241264334,0.07729057222604752,287.09564208984375,0.05228032827914548,5,5.0,324.0,76.0,13.443137254901961,264.0,64.81508975855257,0.24380000000000002,60.0,13.443137254901961,1.5680094957351685,4.0,71.0,6.0,4.0,7.0,0.6404604714251797,14.265272377837372,"{""type"":""MultiPoint"",""coordinates"":[]}"
"-156,3528",70.95238985889563,0.04902777448296547,67.74513828461289,0.09286679327487946,0.43468713760375977,279.715576171875,61.050451241264334,0.07729057222604752,287.09564208984375,0.05228032827914548,5,5.0,324.0,76.0,0.7215686274509804,264.0,64.81508975855257,0.24380000000000002,60.0,0.7215686274509804,2.1335747241973877,3.0,72.0,5.5,4.0,7.0,0.6657098420139852,14.265272377837372,"{""type"":""MultiPoint"",""coordinates"":[]}"
"-111,3528",70.39606362992761,0.06763888895511627,67.60314928441795,0.07923814654350281,0.46519944071769714,279.5365295410156,60.443898046552476,0.07665152102708817,287.0594177246094,0.05228032827914548,24,6.0,324.0,79.0,3.901960784313726,264.0,64.94414904868836,0.24380000000000002,60.0,3.901960784313726,0.5246329307556152,4.0,71.0,7.0,5.0,8.0,0.26169266926480694,14.139061690772621,"{""type"":""MultiPoint"",""coordinates"":[]}"
"-156,3529",70.95238985889563,0.04902777448296547,67.74513828461289,0.09564314037561417,0.4354054927825928,279.715576171875,61.050451241264334,0.07729057222604752,287.09564208984375,0.05228032827914548,5,5.0,324.0,76.0,0.7215686274509804,264.0,64.81508975855257,0.24380000000000002,60.0,0.7215686274509804,1.5080708265304565,3.0,72.0,8.3,8.0,7.0,2.0429104961002715,14.265272377837372,"{""type"":""MultiPoint"",""coordinates"":[]}"
"-134,3529",70.95238985889563,0.05930555239319801,67.74513828461289,0.07818124443292618,0.42388203740119934,279.715576171875,61.050451241264334,0.07729057222604752,287.09564208984375,0.05228032827914548,5,5.0,324.0,77.0,1.4431372549019608,264.0,64.81508975855257,0.24380000000000002,60.0,1.4431372549019608,0.4387443959712982,4.0,72.0,7.0,5.0,8.0,0.08145993069041559,14.265272377837372,"{""type"":""MultiPoint"",""coordinates"":[]}"
"-156,3530",70.95238985889563,0.04902777448296547,67.74513828461289,0.0956316664814949,0.44559913873672485,279.715576171875,61.050451241264334,0.07729057222604752,287.09564208984375,0.05228032827914548,5,5.0,324.0,76.0,5.0,264.0,64.81508975855257,0.24380000000000002,60.0,5.0,2.0881664752960205,2.0,70.0,8.1,8.0,7.0,0.019633065139521233,14.265272377837372,"{""type"":""MultiPoint"",""coordinates"":[]}"
"-155,3531",70.95238985889563,0.04902777448296547,67.74513828461289,0.09789615869522095,0.49171507358551025,279.715576171875,61.050451241264334,0.07729057222604752,287.09564208984375,0.05228032827914548,5,5.0,324.0,76.0,5.541176470588235,264.0,64.81508975855257,0.24380000000000002,60.0,5.541176470588235,2.107400894165039,3.0,68.0,9.5,8.0,7.0,2.9610998206262384,14.265272377837372,"{""type"":""MultiPoint"",""coordinates"":[]}"
"-133,3531",70.95238985889563,0.05930555239319801,67.74513828461289,0.09720863401889801,0.4912693500518799,279.715576171875,61.050451241264334,0.07729057222604752,287.09564208984375,0.05228032827914548,24,5.0,324.0,77.0,1.4431372549019608,264.0,64.81508975855257,0.24380000000000002,60.0,1.4431372549019608,1.5083202123641968,4.0,71.0,7.0,5.0,8.0,0.05689771052682591,14.265272377837372,"{""type"":""MultiPoint"",""coordinates"":[]}"
"-118,3531",70.39606362992761,0.05374999716877937,67.60314928441795,0.06783387064933777,0.46225008368492126,279.5365295410156,60.443898046552476,0.07665152102708817,287.0594177246094,0.05228032827914548,37,6.0,324.0,80.0,0.1803921568627451,264.0,64.94414904868836,0.24380000000000002,60.0,0.1803921568627451,1.0382810831069946,4.0,70.0,7.0,5.0,9.0,0.7522076582338465,14.139061690772621,"{""type"":""MultiPoint"",""coordinates"":[]}"
"-154,3533",70.95238985889563,0.053333330899477005,67.74513828461289,0.08831589668989182,0.4734772741794586,279.715576171875,61.050451241264334,0.07729057222604752,287.09564208984375,0.05228032827914548,1,5.0,324.0,76.0,7.901960784313725,264.0,64.81508975855257,0.24380000000000002,60.0,7.901960784313725,0.6212613582611084,3.0,69.0,8.3,8.0,7.0,0.45994023950352614,14.265272377837372,"{""type"":""MultiPoint"",""coordinates"":[]}"
"-151,3533",70.95238985889563,0.053333330899477005,67.74513828461289,0.07046352326869965,0.4360831677913666,279.715576171875,61.050451241264334,0.07729057222604752,287.09564208984375,0.05228032827914548,1,5.0,324.0,76.0,13.909803921568626,264.0,64.81508975855257,0.24380000000000002,60.0,13.909803921568626,1.102381706237793,2.0,70.0,6.2,8.0,7.0,2.0441909139679972,14.265272377837372,"{""type"":""MultiPoint"",""coordinates"":[]}"
"-137,3533",70.95238985889563,0.05791666358709335,67.74513828461289,0.07353626191616058,0.44660383462905884,279.715576171875,61.050451241264334,0.07729057222604752,287.09564208984375,0.05228032827914548,1,5.0,324.0,77.0,0.9098039215686274,264.0,64.81508975855257,0.24380000000000002,60.0,0.9098039215686274,0.39018622040748596,2.0,69.0,5.3,4.0,8.0,0.7378991019814737,14.265272377837372,"{""type"":""MultiPoint"",""coordinates"":[]}"
"-136,3533",70.95238985889563,0.05791666358709335,67.74513828461289,0.0700775608420372,0.44355037808418274,279.715576171875,61.050451241264334,0.07729057222604752,287.09564208984375,0.05228032827914548,1,5.0,324.0,77.0,0.9098039215686274,264.0,64.81508975855257,0.24380000000000002,60.0,0.9098039215686274,0.620937168598175,3.0,70.0,6.2,4.0,8.0,1.1501228411062907,14.265272377837372,"{""type"":""MultiPoint"",""coordinates"":[]}"
"-151,3534",70.95238985889563,0.053333330899477005,67.74513828461289,0.09122535586357117,0.44634610414505005,279.715576171875,61.050451241264334,0.07729057222604752,287.09564208984375,0.05228032827914548,1,5.0,324.0,76.0,13.909803921568626,264.0,64.81508975855257,0.24380000000000002,60.0,13.909803921568626,0.09440679848194122,4.0,69.0,8.8,8.0,7.0,0.03752871855353136,14.265272377837372,"{""type"":""MultiPoint"",""coordinates"":[]}"
"-136,3534",70.95238985889563,0.05791666358709335,67.74513828461289,0.06619367003440857,0.4411618411540985,279.715576171875,61.050451241264334,0.07729057222604752,287.09564208984375,0.05228032827914548,1,5.0,324.0,77.0,0.9098039215686274,264.0,64.81508975855257,0.24380000000000002,60.0,0.9098039215686274,0.34780484437942505,3.0,70.0,6.5,5.0,8.0,0.6956096887588501,14.265272377837372,"{""type"":""MultiPoint"",""coordinates"":[]}"
"-94,3534",70.39606362992761,0.05097221955657005,67.60314928441795,0.06860858201980591,0.4305194020271301,279.5365295410156,60.443898046552476,0.07665152102708817,287.0594177246094,0.05228032827914548,1,6.0,324.0,79.0,0.0,264.0,64.94414904868836,0.24380000000000002,60.0,0.0,0.41255590319633484,5.0,68.0,7.5,5.0,8.0,0.2750713483206322,14.139061690772621,"{""type"":""MultiPoint"",""coordinates"":[]}"
"-139,3535",70.95238985889563,0.05791666358709335,67.74513828461289,0.09674854576587677,0.5116625428199768,279.715576171875,61.050451241264334,0.07729057222604752,287.09564208984375,0.05228032827914548,37,5.0,324.0,77.0,0.0,264.0,64.81508975855257,0.24380000000000002,60.0,0.0,0.29809102416038513,3.0,69.0,6.5,5.0,8.0,0.5915264479894262,14.265272377837372,"{""type"":""MultiPoint"",""coordinates"":[]}"
"-154,3536",70.95238985889563,0.053333330899477005,67.74513828461289,0.09899648278951645,0.48212525248527527,279.715576171875,61.050451241264334,0.07729057222604752,287.09564208984375,0.05228032827914548,26,5.0,324.0,76.0,2.631372549019608,264.0,64.81508975855257,0.24380000000000002,60.0,2.631372549019608,0.8496659994125366,3.0,72.0,6.5,5.0,7.0,0.3401233530442411,14.265272377837372,"{""type"":""MultiPoint"",""coordinates"":[]}"
"-160,3538",70.95238985889563,0.05319444462656975,67.74513828461289,0.0845712423324585,0.4488943815231323,279.715576171875,61.050451241264334,0.07729057222604752,287.09564208984375,0.05228032827914548,4,5.0,324.0,76.0,0.0,264.0,64.81508975855257,0.24380000000000002,60.0,0.0,0.43890294432640076,4.0,71.0,7.0,5.0,7.0,0.4430634152310047,14.265272377837372,"{""type"":""MultiPoint"",""coordinates"":[]}"
"-155,3538",70.95238985889563,0.053333330899477005,67.74513828461289,0.07118084281682968,0.4011264145374298,279.715576171875,61.050451241264334,0.07729057222604752,287.09564208984375,0.05228032827914548,24,5.0,324.0,76.0,0.3607843137254902,264.0,64.81508975855257,0.24380000000000002,60.0,0.3607843137254902,0.22904753684997559,3.0,71.0,6.5,5.0,7.0,0.00648649682968567,14.265272377837372,"{""type"":""MultiPoint"",""coordinates"":[]}"
"-154,3538",70.95238985889563,0.053333330899477005,67.74513828461289,0.06905867904424667,0.4237344563007355,279.715576171875,61.050451241264334,0.07729057222604752,287.09564208984375,0.05228032827914548,5,5.0,324.0,76.0,0.3607843137254902,264.0,64.81508975855257,0.24380000000000002,60.0,0.3607843137254902,0.39027538895606995,3.0,72.0,6.5,5.0,7.0,0.04097830771983358,14.265272377837372,"{""type"":""MultiPoint"",""coordinates"":[]}"
"-131,3538",70.95238985889563,0.06180555373430252,67.74513828461289,0.1131867915391922,0.5511572957038879,279.715576171875,61.050451241264334,0.07729057222604752,287.09564208984375,0.05228032827914548,24,5.0,324.0,77.0,11.329411764705881,264.0,64.81508975855257,0.24380000000000002,60.0,11.329411764705881,3.23504376411438,4.0,69.0,6.9,7.0,8.0,2.5859779807462,14.265272377837372,"{""type"":""MultiPoint"",""coordinates"":[]}"
"-91,3538",70.39606362992761,0.05805555358529091,67.60314928441795,0.0758163183927536,0.45122629404067993,279.5365295410156,60.443898046552476,0.07665152102708817,287.0594177246094,0.05228032827914548,5,6.0,324.0,79.0,5.458823529411765,264.0,64.94414904868836,0.24380000000000002,60.0,5.458823529411765,0.5329177379608154,4.0,68.0,6.1,5.0,8.0,0.6476062740391052,14.139061690772621,"{""type"":""MultiPoint"",""coordinates"":[]}"
"-138,3540",70.95238985889563,0.05791666358709335,67.74513828461289,0.07328491657972336,0.4443057179450989,279.715576171875,61.050451241264334,0.07729057222604752,287.09564208984375,0.05228032827914548,1,6.0,324.0,79.0,0.0,264.0,64.81508975855257,0.24380000000000002,60.0,0.0,0.46205201745033264,3.0,69.0,5.6,5.0,8.0,0.36244485966668494,14.265272377837372,"{""type"":""MultiPoint"",""coordinates"":[]}"
"-137,3540",70.95238985889563,0.05791666358709335,67.74513828461289,0.06941293179988861,0.43926453590393066,279.715576171875,61.050451241264334,0.07729057222604752,287.09564208984375,0.05228032827914548,24,6.0,324.0,79.0,0.0,264.0,64.81508975855257,0.24380000000000002,60.0,0.0,0.6075162291526794,3.0,69.0,6.5,5.0,8.0,0.06287668785642721,14.265272377837372,"{""type"":""MultiPoint"",""coordinates"":[]}"
"-128,3540",70.39606362992761,0.06333333253860474,67.60314928441795,0.08518574386835098,0.46593108773231506,279.5365295410156,60.443898046552476,0.07665152102708817,287.0594177246094,0.05228032827914548,5,6.0,324.0,79.0,7.541176470588235,264.0,64.94414904868836,0.24380000000000002,60.0,7.541176470588235,0.11593621224164963,3.0,68.0,6.7,8.0,8.0,0.23187242448329926,14.139061690772621,"{""type"":""MultiPoint"",""coordinates"":[]}"
"-119,3540",70.39606362992761,0.0590277761220932,67.60314928441795,0.09004789590835571,0.48524996638298035,279.5365295410156,60.443898046552476,0.07665152102708817,287.0594177246094,0.05228032827914548,5,6.0,324.0,79.0,22.92549019607843,264.0,64.94414904868836,0.24380000000000002,60.0,22.92549019607843,3.4943301677703857,4.0,70.0,7.0,5.0,8.0,3.082708047527384,14.139061690772621,"{""type"":""MultiPoint"",""coordinates"":[]}"
"-128,3541",70.39606362992761,0.06333333253860474,67.60314928441795,0.08335363864898682,0.46070927381515503,279.5365295410156,60.443898046552476,0.07665152102708817,287.0594177246094,0.05228032827914548,5,6.0,324.0,79.0,7.541176470588235,264.0,64.94414904868836,0.24380000000000002,60.0,7.541176470588235,2.089731216430664,3.0,67.0,5.5,4.0,8.0,0.04780774700329541,14.139061690772621,"{""type"":""MultiPoint"",""coordinates"":[]}"
"-88,3541",70.39606362992761,0.05805555358529091,67.60314928441795,0.07046253234148026,0.43568095564842224,279.5365295410156,60.443898046552476,0.07665152102708817,287.0594177246094,0.05228032827914548,5,6.0,324.0,80.0,1.1803921568627451,264.0,64.94414904868836,0.24380000000000002,60.0,1.1803921568627451,0.6930999755859375,4.0,68.0,7.0,5.0,9.0,1.3844422632518474,14.139061690772621,"{""type"":""MultiPoint"",""coordinates"":[]}"
"-152,3542",70.95238985889563,0.05361110717058182,67.74513828461289,0.12712645530700684,0.5144570469856262,279.715576171875,61.050451241264334,0.07729057222604752,287.09564208984375,0.05228032827914548,24,6.0,324.0,76.0,14.180392156862744,264.0,64.81508975855257,0.24380000000000002,60.0,14.180392156862744,1.3094730377197266,3.0,71.0,7.6000000000000005,7.0,7.0,1.7053219429268363,14.265272377837372,"{""type"":""MultiPoint"",""coordinates"":[]}"
"-129,3542",70.39606362992761,0.05972221866250038,67.60314928441795,0.0952390506863594,0.45722439885139465,279.5365295410156,60.443898046552476,0.07665152102708817,287.0594177246094,0.05228032827914548,5,6.0,324.0,79.0,1.6313725490196078,264.0,64.94414904868836,0.24380000000000002,60.0,1.6313725490196078,0.3452214002609253,3.0,69.0,5.8,4.0,8.0,0.422500343371823,14.139061690772621,"{""type"":""MultiPoint"",""coordinates"":[]}"
"-89,3542",70.39606362992761,0.06958332657814026,67.60314928441795,0.08539502322673798,0.4475386440753937,279.5365295410156,60.443898046552476,0.07665152102708817,287.0594177246094,0.05228032827914548,5,6.0,324.0,80.0,1.1803921568627451,264.0,64.94414904868836,0.24380000000000002,60.0,1.1803921568627451,0.680915355682373,4.0,69.0,6.1,5.0,9.0,0.7398088494941039,14.139061690772621,"{""type"":""MultiPoint"",""coordinates"":[]}"
"-166,3543",70.95238985889563,0.05597221851348877,67.74513828461289,0.07965469360351562,0.43403321504592896,279.715576171875,61.050451241264334,0.07729057222604752,287.09564208984375,0.05228032827914548,5,6.0,324.0,76.0,0.1803921568627451,264.0,64.81508975855257,0.24380000000000002,60.0,0.1803921568627451,1.1665061712265015,3.0,72.0,5.8,4.0,7.0,2.2324619679943427,14.265272377837372,"{""type"":""MultiPoint"",""coordinates"":[]}"
"-158,3543",70.95238985889563,0.0520833320915699,67.74513828461289,0.10462608933448792,0.4379764199256897,279.715576171875,61.050451241264334,0.07729057222604752,287.09564208984375,0.05228032827914548,5,6.0,324.0,76.0,24.737254901960785,264.0,64.81508975855257,0.24380000000000002,60.0,24.737254901960785,1.2712064981460571,3.0,72.0,5.5,4.0,7.0,2.063765123246482,14.265272377837372,"{""type"":""MultiPoint"",""coordinates"":[]}"
"-156,3543",70.95238985889563,0.05361110717058182,67.74513828461289,0.09950326383113861,0.39805859327316284,279.715576171875,61.050451241264334,0.07729057222604752,287.09564208984375,0.05228032827914548,5,6.0,324.0,76.0,1.7137254901960783,264.0,64.81508975855257,0.24380000000000002,60.0,1.7137254901960783,0.05796816572546959,3.0,72.0,5.5,4.0,7.0,0.11593633145093918,14.265272377837372,"{""type"":""MultiPoint"",""coordinates"":[]}"
"-153,3543",70.95238985889563,0.05361110717058182,67.74513828461289,0.1043558195233345,0.42138388752937317,279.715576171875,61.050451241264334,0.07729057222604752,287.09564208984375,0.05228032827914548,5,6.0,324.0,76.0,14.180392156862744,264.0,64.81508975855257,0.24380000000000002,60.0,14.180392156862744,0.14911195635795593,3.0,72.0,8.3,8.0,7.0,0.29589507482022953,14.265272377837372,"{""type"":""MultiPoint"",""coordinates"":[]}"
"-110,3543",70.39606362992761,0.06291666626930237,67.60314928441795,0.08398976176977158,0.44616004824638367,279.5365295410156,60.443898046552476,0.07665152102708817,287.0594177246094,0.05228032827914548,1,6.0,324.0,80.0,0.6313725490196078,264.0,64.94414904868836,0.24380000000000002,60.0,0.6313725490196078,1.8096216917037964,4.0,72.0,7.0,5.0,9.0,3.6192285880839075,14.139061690772621,"{""type"":""MultiPoint"",""coordinates"":[]}"
"-166,3544",70.95238985889563,0.05597221851348877,67.74513828461289,0.08412378281354904,0.4223981201648712,279.715576171875,61.050451241264334,0.07729057222604752,287.09564208984375,0.05228032827914548,5,6.0,324.0,76.0,0.1803921568627451,264.0,64.81508975855257,0.24380000000000002,60.0,0.1803921568627451,0.1599920094013214,2.0,70.0,5.0,4.0,7.0,0.11517784311970101,14.265272377837372,"{""type"":""MultiPoint"",""coordinates"":[]}"
"-165,3544",70.95238985889563,0.05597221851348877,67.74513828461289,0.09619658440351486,0.4568852484226227,279.715576171875,61.050451241264334,0.07729057222604752,287.09564208984375,0.05228032827914548,24,6.0,324.0,76.0,0.1803921568627451,264.0,64.81508975855257,0.24380000000000002,60.0,0.1803921568627451,0.5148586630821228,3.0,74.0,5.5,4.0,7.0,0.6814219363305761,14.265272377837372,"{""type"":""MultiPoint"",""coordinates"":[]}"
"-158,3544",70.95238985889563,0.0520833320915699,67.74513828461289,0.09583256393671036,0.4289241135120392,279.715576171875,61.050451241264334,0.07729057222604752,287.09564208984375,0.05228032827914548,5,6.0,324.0,76.0,24.737254901960785,264.0,64.81508975855257,0.24380000000000002,60.0,24.737254901960785,0.45109567046165466,3.0,72.0,6.5,5.0,7.0,0.7187769726121097,14.265272377837372,"{""type"":""MultiPoint"",""coordinates"":[]}"
"-157,3544",70.95238985889563,0.05361110717058182,67.74513828461289,0.09085585176944733,0.398998498916626,279.715576171875,61.050451241264334,0.07729057222604752,287.09564208984375,0.05228032827914548,5,6.0,324.0,76.0,24.737254901960785,264.0,64.81508975855257,0.24380000000000002,60.0,24.737254901960785,0.31998154520988464,3.0,70.0,6.5,5.0,7.0,0.6197123371283613,14.265272377837372,"{""type"":""MultiPoint"",""coordinates"":[]}"
"-156,3544",70.95238985889563,0.05361110717058182,67.74513828461289,0.09036805480718613,0.3959468603134155,279.715576171875,61.050451241264334,0.07729057222604752,287.09564208984375,0.05228032827914548,5,6.0,324.0,76.0,1.7137254901960783,264.0,64.81508975855257,0.24380000000000002,60.0,1.7137254901960783,0.05796816572546959,3.0,71.0,8.3,8.0,7.0,0.023276533262247698,14.265272377837372,"{""type"":""MultiPoint"",""coordinates"":[]}"
"-153,3544",70.95238985889563,0.05361110717058182,67.74513828461289,0.09501288831233978,0.40790116786956787,279.715576171875,61.050451241264334,0.07729057222604752,287.09564208984375,0.05228032827914548,5,6.0,324.0,76.0,1.6235294117647059,264.0,64.81508975855257,0.24380000000000002,60.0,1.6235294117647059,0.1599920094013214,2.0,72.0,7.2,5.0,7.0,0.3098585638817603,14.265272377837372,"{""type"":""MultiPoint"",""coordinates"":[]}"
"-166,3545",70.95238985889563,0.05597221851348877,67.74513828461289,0.1029331162571907,0.4615395665168762,279.715576171875,61.050451241264334,0.07729057222604752,287.09564208984375,0.05228032827914548,5,6.0,324.0,76.0,3.450980392156863,264.0,64.81508975855257,0.24380000000000002,60.0,3.450980392156863,0.09444738924503326,3.0,72.0,5.5,4.0,7.0,0.03899889122549993,14.265272377837372,"{""type"":""MultiPoint"",""coordinates"":[]}"
"-148,3545",70.95238985889563,0.06277777254581451,67.74513828461289,0.115603506565094,0.46352532505989075,279.715576171875,61.050451241264334,0.07729057222604752,287.09564208984375,0.05228032827914548,1,6.0,324.0,76.0,13.63137254901961,264.0,64.81508975855257,0.24380000000000002,60.0,13.63137254901961,1.3897842168807983,3.0,72.0,5.5,4.0,7.0,0.9723712926309639,14.265272377837372,"{""type"":""MultiPoint"",""coordinates"":[]}"
"-165,3546",70.95238985889563,0.05597221851348877,67.74513828461289,0.09945128858089447,0.42544442415237427,279.715576171875,61.050451241264334,0.07729057222604752,287.09564208984375,0.05228032827914548,5,6.0,324.0,76.0,5.63921568627451,264.0,64.81508975855257,0.24380000000000002,60.0,5.63921568627451,0.13784730434417725,2.0,73.0,6.0,5.0,7.0,0.01109451540100244,14.265272377837372,"{""type"":""MultiPoint"",""coordinates"":[]}"
"-164,3546",70.95238985889563,0.0520833320915699,67.74513828461289,0.08751419186592102,0.3967939615249634,279.715576171875,61.050451241264334,0.07729057222604752,287.09564208984375,0.05228032827914548,5,6.0,324.0,76.0,10.098039215686274,264.0,64.81508975855257,0.24380000000000002,60.0,10.098039215686274,0.1892174482345581,3.0,73.0,6.2,4.0,7.0,0.12392393410426482,14.265272377837372,"{""type"":""MultiPoint"",""coordinates"":[]}"
"-162,3546",70.95238985889563,0.0520833320915699,67.74513828461289,0.06639032810926437,0.38593584299087524,279.715576171875,61.050451241264334,0.07729057222604752,287.09564208984375,0.05228032827914548,24,6.0,324.0,76.0,0.0,264.0,64.81508975855257,0.24380000000000002,60.0,0.0,0.11593621224164963,3.0,72.0,6.5,5.0,7.0,0.23187242448329926,14.265272377837372,"{""type"":""MultiPoint"",""coordinates"":[]}"
"-161,3546",70.95238985889563,0.0520833320915699,67.74513828461289,0.07684428244829178,0.40592241287231445,279.715576171875,61.050451241264334,0.07729057222604752,287.09564208984375,0.05228032827914548,5,6.0,324.0,76.0,0.0,264.0,64.81508975855257,0.24380000000000002,60.0,0.0,0.1600094586610794,3.0,72.0,6.5,5.0,7.0,0.06408212266041143,14.265272377837372,"{""type"":""MultiPoint"",""coordinates"":[]}"
"-157,3546",70.95238985889563,0.05361110717058182,67.74513828461289,0.08862155675888062,0.4340372085571289,279.715576171875,61.050451241264334,0.07729057222604752,287.09564208984375,0.05228032827914548,1,6.0,324.0,76.0,0.0,264.0,64.81508975855257,0.24380000000000002,60.0,0.0,0.09445108473300934,2.0,71.0,6.0,5.0,7.0,0.1835559867423269,14.265272377837372,"{""type"":""MultiPoint"",""coordinates"":[]}"
"-156,3546",70.95238985889563,0.05361110717058182,67.74513828461289,0.08612139523029327,0.4268203377723694,279.715576171875,61.050451241264334,0.07729057222604752,287.09564208984375,0.05228032827914548,1,6.0,324.0,76.0,0.0,264.0,64.81508975855257,0.24380000000000002,60.0,0.0,0.28335118293762207,2.0,71.0,8.1,8.0,7.0,0.11740035771411282,14.265272377837372,"{""type"":""MultiPoint"",""coordinates"":[]}"
"-129,3546",70.39606362992761,0.05972221866250038,67.60314928441795,0.09877149760723114,0.4660915732383728,279.5365295410156,60.443898046552476,0.07665152102708817,287.0594177246094,0.05228032827914548,1,6.0,324.0,79.0,6.262745098039216,264.0,64.94414904868836,0.24380000000000002,60.0,6.262745098039216,0.6810813546180725,2.0,70.0,6.0,5.0,8.0,1.1883375371827718,14.139061690772621,"{""type"":""MultiPoint"",""coordinates"":[]}"
"-114,3546",70.39606362992761,0.06291666626930237,67.60314928441795,0.113626629114151,0.5296408534049988,279.5365295410156,60.443898046552476,0.07665152102708817,287.0594177246094,0.05228032827914548,5,6.0,324.0,79.0,11.450980392156863,264.0,64.94414904868836,0.24380000000000002,60.0,11.450980392156863,3.1045703887939453,4.0,70.0,7.0,5.0,8.0,4.78888760332447,14.139061690772621,"{""type"":""MultiPoint"",""coordinates"":[]}"
"-166,3547",70.95238985889563,0.05597221851348877,67.74513828461289,0.10192913562059402,0.45866626501083374,279.715576171875,61.050451241264334,0.07729057222604752,287.09564208984375,0.05228032827914548,36,6.0,324.0,76.0,10.098039215686274,264.0,64.81508975855257,0.24380000000000002,60.0,10.098039215686274,0.5513834357261658,3.0,70.0,6.2,4.0,7.0,0.044732933364777815,14.265272377837372,"{""type"":""MultiPoint"",""coordinates"":[]}"
"-163,3547",70.95238985889563,0.0520833320915699,67.74513828461289,0.080551378428936,0.38927337527275085,279.715576171875,61.050451241264334,0.07729057222604752,287.09564208984375,0.05228032827914548,5,6.0,324.0,76.0,0.9098039215686274,264.0,64.81508975855257,0.24380000000000002,60.0,0.9098039215686274,0.17390401661396027,2.0,72.0,6.0,5.0,7.0,0.06982940682173071,14.265272377837372,"{""type"":""MultiPoint"",""coordinates"":[]}"
"-161,3547",70.95238985889563,0.0520833320915699,67.74513828461289,0.07837042957544327,0.4236455261707306,279.715576171875,61.050451241264334,0.07729057222604752,287.09564208984375,0.05228032827914548,5,6.0,324.0,76.0,0.0,264.0,64.81508975855257,0.24380000000000002,60.0,0.0,0.27569809556007385,3.0,72.0,6.5,5.0,7.0,0.4518754028042359,14.265272377837372,"{""type"":""MultiPoint"",""coordinates"":[]}"
"-151,3547",70.95238985889563,0.05361110717058182,67.74513828461289,0.10472442954778671,0.4485234320163727,279.715576171875,61.050451241264334,0.07729057222604752,287.09564208984375,0.05228032827914548,5,6.0,324.0,76.0,3.450980392156863,264.0,64.81508975855257,0.24380000000000002,60.0,3.450980392156863,2.698371410369873,4.0,69.0,7.0,5.0,7.0,1.7577728662461862,14.265272377837372,"{""type"":""MultiPoint"",""coordinates"":[]}"
"-150,3547",70.95238985889563,0.05361110717058182,67.74513828461289,0.1042124405503273,0.4402335286140442,279.715576171875,61.050451241264334,0.07729057222604752,287.09564208984375,0.05228032827914548,5,6.0,324.0,76.0,3.450980392156863,264.0,64.81508975855257,0.24380000000000002,60.0,3.450980392156863,0.1378498375415802,3.0,72.0,8.8,8.0,7.0,0.22593899583911708,14.265272377837372,"{""type"":""MultiPoint"",""coordinates"":[]}"
"-147,3547",70.95238985889563,0.06277777254581451,67.74513828461289,0.09399937093257904,0.41105756163597107,279.715576171875,61.050451241264334,0.07729057222604752,287.09564208984375,0.05228032827914548,5,6.0,324.0,76.0,1.0901960784313725,264.0,64.81508975855257,0.24380000000000002,60.0,1.0901960784313725,0.18890903890132904,2.0,71.0,6.0,5.0,7.0,0.07853735031901043,14.265272377837372,"{""type"":""MultiPoint"",""coordinates"":[]}"
"-146,3547",70.95238985889563,0.06277777254581451,67.74513828461289,0.10114393383264542,0.4201824367046356,279.715576171875,61.050451241264334,0.07729057222604752,287.09564208984375,0.05228032827914548,5,6.0,324.0,79.0,1.0901960784313725,264.0,64.81508975855257,0.24380000000000002,60.0,1.0901960784313725,0.05796816572546959,2.0,68.0,6.0,5.0,8.0,0.11593633145093918,14.265272377837372,"{""type"":""MultiPoint"",""coordinates"":[]}"
"-144,3547",70.95238985889563,0.06277777254581451,67.74513828461289,0.1003030315041542,0.47034263610839844,279.715576171875,61.050451241264334,0.07729057222604752,287.09564208984375,0.05228032827914548,26,6.0,324.0,79.0,8.090196078431372,264.0,64.81508975855257,0.24380000000000002,60.0,8.090196078431372,0.3661462664604187,3.0,71.0,5.5,4.0,8.0,0.250653202732346,14.265272377837372,"{""type"":""MultiPoint"",""coordinates"":[]}"
"-143,3547",70.95238985889563,0.06277777254581451,67.74513828461289,0.10049934685230255,0.4816701114177704,279.715576171875,61.050451241264334,0.07729057222604752,287.09564208984375,0.05228032827914548,24,6.0,324.0,79.0,8.090196078431372,264.0,64.81508975855257,0.24380000000000002,60.0,8.090196078431372,1.075466513633728,2.0,71.0,7.8,8.0,8.0,0.2684579411505887,14.265272377837372,"{""type"":""MultiPoint"",""coordinates"":[]}"
"-129,3547",70.39606362992761,0.05972221866250038,67.60314928441795,0.08637802302837372,0.43422532081604004,279.5365295410156,60.443898046552476,0.07665152102708817,287.0594177246094,0.05228032827914548,1,6.0,324.0,79.0,6.262745098039216,264.0,64.94414904868836,0.24380000000000002,60.0,6.262745098039216,0.8967567682266235,2.0,70.0,6.3,7.0,8.0,1.665089738667407,14.139061690772621,"{""type"":""MultiPoint"",""coordinates"":[]}"
"-128,3547",70.39606362992761,0.05944444239139557,67.60314928441795,0.10502251237630844,0.4999047517776489,279.5365295410156,60.443898046552476,0.07665152102708817,287.0594177246094,0.05228032827914548,1,6.0,324.0,79.0,6.262745098039216,264.0,64.94414904868836,0.24380000000000002,60.0,6.262745098039216,1.4179071187973022,2.0,71.0,6.9,8.0,8.0,0.6233590275134644,14.139061690772621,"{""type"":""MultiPoint"",""coordinates"":[]}"
"-125,3547",70.39606362992761,0.05944444239139557,67.60314928441795,0.09370321035385132,0.4653857946395874,279.5365295410156,60.443898046552476,0.07665152102708817,287.0594177246094,0.05228032827914548,5,6.0,324.0,79.0,3.7294117647058824,264.0,64.94414904868836,0.24380000000000002,60.0,3.7294117647058824,3.4209702014923096,3.0,68.0,5.5,4.0,8.0,4.67052148775579,14.139061690772621,"{""type"":""MultiPoint"",""coordinates"":[]}"
"-164,3548",70.95238985889563,0.0520833320915699,67.74513828461289,0.08921456336975098,0.43355488777160645,279.715576171875,61.050451241264334,0.07729057222604752,287.09564208984375,0.05228032827914548,1,6.0,324.0,76.0,0.09019607843137255,264.0,64.81508975855257,0.24380000000000002,60.0,0.09019607843137255,1.2886515855789185,3.0,72.0,6.5,5.0,7.0,0.5227168268837167,14.265272377837372,"{""type"":""MultiPoint"",""coordinates"":[]}"
"-160,3548",70.95238985889563,0.0520833320915699,67.74513828461289,0.10018716007471085,0.44226381182670593,279.715576171875,61.050451241264334,0.07729057222604752,287.09564208984375,0.05228032827914548,1,6.0,324.0,76.0,0.09019607843137255,264.0,64.81508975855257,0.24380000000000002,60.0,0.09019607843137255,0.4696936011314392,2.0,72.0,8.1,8.0,7.0,0.6320209904208031,14.265272377837372,"{""type"":""MultiPoint"",""coordinates"":[]}"
"-152,3548",70.95238985889563,0.05361110717058182,67.74513828461289,0.09838743507862091,0.43774616718292236,279.715576171875,61.050451241264334,0.07729057222604752,287.09564208984375,0.05228032827914548,5,6.0,324.0,76.0,3.450980392156863,264.0,64.81508975855257,0.24380000000000002,60.0,3.450980392156863,0.487131267786026,3.0,71.0,6.5,5.0,7.0,0.00199210919615195,14.265272377837372,"{""type"":""MultiPoint"",""coordinates"":[]}"
"-151,3548",70.95238985889563,0.05361110717058182,67.74513828461289,0.1095523089170456,0.4737134277820587,279.715576171875,61.050451241264334,0.07729057222604752,287.09564208984375,0.05228032827914548,5,6.0,324.0,76.0,3.450980392156863,264.0,64.81508975855257,0.24380000000000002,60.0,3.450980392156863,1.8728983402252197,3.0,71.0,6.5,5.0,7.0,3.3975077539408636,14.265272377837372,"{""type"":""MultiPoint"",""coordinates"":[]}"
"-149,3548",70.95238985889563,0.06277777254581451,67.74513828461289,0.1120937317609787,0.40699470043182373,279.715576171875,61.050451241264334,0.07729057222604752,287.09564208984375,0.05228032827914548,5,6.0,324.0,76.0,8.901960784313726,264.0,64.81508975855257,0.24380000000000002,60.0,8.901960784313726,0.22910842299461365,2.0,71.0,5.0,4.0,7.0,0.40309011861224436,14.265272377837372,"{""type"":""MultiPoint"",""coordinates"":[]}"
"-147,3548",70.95238985889563,0.06277777254581451,67.74513828461289,0.09432044625282288,0.3690670430660248,279.715576171875,61.050451241264334,0.07729057222604752,287.09564208984375,0.05228032827914548,5,6.0,324.0,76.0,1.0901960784313725,264.0,64.81508975855257,0.24380000000000002,60.0,1.0901960784313725,0.37289249897003174,2.0,71.0,8.1,8.0,7.0,0.2058092085290868,14.265272377837372,"{""type"":""MultiPoint"",""coordinates"":[]}"
"-146,3548",70.95238985889563,0.06277777254581451,67.74513828461289,0.10391853004693985,0.3943256139755249,279.715576171875,61.050451241264334,0.07729057222604752,287.09564208984375,0.05228032827914548,5,6.0,324.0,79.0,1.0901960784313725,264.0,64.81508975855257,0.24380000000000002,60.0,1.0901960784313725,0.05796816572546959,2.0,71.0,5.3,4.0,8.0,0.11593633145093918,14.265272377837372,"{""type"":""MultiPoint"",""coordinates"":[]}"
"-145,3548",70.95238985889563,0.06277777254581451,67.74513828461289,0.11387965828180313,0.4438609778881073,279.715576171875,61.050451241264334,0.07729057222604752,287.09564208984375,0.05228032827914548,5,6.0,324.0,79.0,2.0901960784313727,264.0,64.81508975855257,0.24380000000000002,60.0,2.0901960784313727,0.18922299146652222,3.0,71.0,6.2,4.0,8.0,0.12462232756153452,14.265272377837372,"{""type"":""MultiPoint"",""coordinates"":[]}"
"-129,3548",70.39606362992761,0.05972221866250038,67.60314928441795,0.10104596614837646,0.5082405805587769,279.5365295410156,60.443898046552476,0.07665152102708817,287.0594177246094,0.05228032827914548,1,6.0,324.0,79.0,6.368627450980392,264.0,64.94414904868836,0.24380000000000002,60.0,6.368627450980392,1.4620029926300049,3.0,70.0,7.6000000000000005,7.0,8.0,2.8760814098189917,14.139061690772621,"{""type"":""MultiPoint"",""coordinates"":[]}"
"-115,3548",70.39606362992761,0.051944442093372345,67.60314928441795,0.09679796546697617,0.4673204720020294,279.5365295410156,60.443898046552476,0.07665152102708817,287.0594177246094,0.05228032827914548,5,6.0,324.0,79.0,7.172549019607843,264.0,64.94414904868836,0.24380000000000002,60.0,7.172549019607843,0.3039136528968811,3.0,67.0,7.6000000000000005,7.0,8.0,0.032183799831527506,14.139061690772621,"{""type"":""MultiPoint"",""coordinates"":[]}"
"-126,3549",70.39606362992761,0.05944444239139557,67.60314928441795,0.10484536737203598,0.48817577958106995,279.5365295410156,60.443898046552476,0.07665152102708817,287.0594177246094,0.05228032827914548,1,6.0,324.0,79.0,28.376470588235293,264.0,64.94414904868836,0.24380000000000002,60.0,28.376470588235293,3.427485466003418,3.0,68.0,5.9,4.0,8.0,5.837589860605718,14.139061690772621,"{""type"":""MultiPoint"",""coordinates"":[]}"
"-158,3550",70.95238985889563,0.0520833320915699,67.74513828461289,0.08445362746715546,0.44793033599853516,279.715576171875,61.050451241264334,0.07729057222604752,287.09564208984375,0.05228032827914548,24,6.0,324.0,76.0,1.1803921568627451,264.0,64.81508975855257,0.24380000000000002,60.0,1.1803921568627451,0.5270037651062012,3.0,71.0,6.5,5.0,7.0,0.20940688922848325,14.265272377837372,"{""type"":""MultiPoint"",""coordinates"":[]}"
"-142,3550",70.82518896978374,0.0590277761220932,67.6992048904705,0.11657806485891342,0.4065164029598236,279.57989501953125,61.183853849556456,0.0772646963596344,286.9181823730469,0.05228032827914548,1,6.0,324.0,79.0,7.2784313725490195,264.0,65.07793213316336,0.24380000000000002,60.0,7.2784313725490195,0.22377967834472656,2.0,69.0,5.0,4.0,8.0,0.1235099086525824,14.10598478016758,"{""type"":""MultiPoint"",""coordinates"":[]}"
"-127,3550",68.18990325714529,0.05944444239139557,67.37154251232397,0.11299332976341248,0.48574212193489075,279.4194030761719,60.04452137471517,0.0742301419377327,287.0370788574219,0.05228032827914548,26,6.0,324.0,79.0,28.376470588235293,264.0,65.02388995797156,0.24380000000000002,60.0,28.376470588235293,0.7311978936195374,3.0,68.0,8.3,8.0,8.0,0.4549337027089013,14.181188652547196,"{""type"":""MultiPoint"",""coordinates"":[]}"
"-126,3550",68.18990325714529,0.05944444239139557,67.37154251232397,0.11005358397960663,0.4607483744621277,279.4194030761719,60.04452137471517,0.0742301419377327,287.0370788574219,0.05228032827914548,1,6.0,324.0,79.0,28.376470588235293,264.0,65.02388995797156,0.24380000000000002,60.0,28.376470588235293,2.5510036945343018,4.0,68.0,6.0,4.0,8.0,5.097499441180807,14.181188652547196,"{""type"":""MultiPoint"",""coordinates"":[]}"
"-158,3551",70.82518896978374,0.0520833320915699,67.6992048904705,0.07643391937017441,0.4159752130508423,279.57989501953125,61.183853849556456,0.0772646963596344,286.9181823730469,0.05228032827914548,24,6.0,324.0,76.0,1.1803921568627451,264.0,65.07793213316336,0.24380000000000002,60.0,1.1803921568627451,0.46338286995887756,3.0,71.0,6.5,5.0,7.0,0.9021519890625935,14.10598478016758,"{""type"":""MultiPoint"",""coordinates"":[]}"
"-155,3551",70.82518896978374,0.05041666328907013,67.6992048904705,0.07626844197511673,0.4079119563102722,279.57989501953125,61.183853849556456,0.0772646963596344,286.9181823730469,0.05228032827914548,5,6.0,324.0,76.0,0.0,264.0,65.07793213316336,0.24380000000000002,60.0,0.0,0.1491868644952774,3.0,71.0,6.5,5.0,7.0,0.2960437211758858,14.10598478016758,"{""type"":""MultiPoint"",""coordinates"":[]}"
"-154,3551",70.82518896978374,0.05041666328907013,67.6992048904705,0.06788630038499832,0.38834285736083984,279.57989501953125,61.183853849556456,0.0772646963596344,286.9181823730469,0.05228032827914548,5,6.0,324.0,76.0,0.0,264.0,65.07793213316336,0.24380000000000002,60.0,0.0,0.4623238742351532,3.0,71.0,6.5,5.0,7.0,0.15724166148329352,14.10598478016758,"{""type"":""MultiPoint"",""coordinates"":[]}"
"-142,3551",70.82518896978374,0.07180555164813995,67.6992048904705,0.1129283532500267,0.4046337306499481,279.57989501953125,61.183853849556456,0.0772646963596344,286.9181823730469,0.05228032827914548,1,6.0,324.0,79.0,7.2784313725490195,264.0,65.07793213316336,0.24380000000000002,60.0,7.2784313725490195,0.14919623732566833,2.0,71.0,5.0,4.0,8.0,0.08234533975429027,14.10598478016758,"{""type"":""MultiPoint"",""coordinates"":[]}"
"-126,3551",68.18990325714529,0.0637499988079071,67.37154251232397,0.1084078922867775,0.44908344745635986,279.4194030761719,60.04452137471517,0.0742301419377327,287.0370788574219,0.05228032827914548,1,6.0,324.0,79.0,2.4352941176470586,264.0,65.02388995797156,0.24380000000000002,60.0,2.4352941176470586,2.8110902309417725,4.0,69.0,6.0,4.0,8.0,4.9912996133985414,14.181188652547196,"{""type"":""MultiPoint"",""coordinates"":[]}"
"-158,3552",70.82518896978374,0.05291666463017464,67.6992048904705,0.07571619749069214,0.45404762029647827,279.57989501953125,61.183853849556456,0.0772646963596344,286.9181823730469,0.05228032827914548,24,6.0,324.0,76.0,0.0,264.0,65.07793213316336,0.24380000000000002,60.0,0.0,0.3774636685848236,3.0,72.0,6.5,5.0,7.0,0.10591079970057457,14.10598478016758,"{""type"":""MultiPoint"",""coordinates"":[]}"
"-157,3552",70.82518896978374,0.05041666328907013,67.6992048904705,0.078819140791893,0.47935882210731506,279.57989501953125,61.183853849556456,0.0772646963596344,286.9181823730469,0.05228032827914548,24,6.0,324.0,76.0,0.0,264.0,65.07793213316336,0.24380000000000002,60.0,0.0,0.7381092309951782,3.0,72.0,6.5,5.0,7.0,0.004834893963730742,14.10598478016758,"{""type"":""MultiPoint"",""coordinates"":[]}"
"-155,3552",70.82518896978374,0.05041666328907013,67.6992048904705,0.07958218455314636,0.4230150878429413,279.57989501953125,61.183853849556456,0.0772646963596344,286.9181823730469,0.05228032827914548,5,6.0,324.0,76.0,0.0,264.0,65.07793213316336,0.24380000000000002,60.0,0.0,0.46235111355781555,3.0,71.0,6.5,5.0,7.0,0.2161258244897294,14.10598478016758,"{""type"":""MultiPoint"",""coordinates"":[]}"
"-154,3552",70.82518896978374,0.05041666328907013,67.6992048904705,0.07315368950366974,0.3828849196434021,279.57989501953125,61.183853849556456,0.0772646963596344,286.9181823730469,0.05228032827914548,5,6.0,324.0,76.0,0.0,264.0,65.07793213316336,0.24380000000000002,60.0,0.0,0.504071831703186,4.0,70.0,7.0,5.0,7.0,0.2969567876025234,14.10598478016758,"{""type"":""MultiPoint"",""coordinates"":[]}"
"-127,3552",68.18990325714529,0.0637499988079071,67.37154251232397,0.10409002751111984,0.4471522867679596,279.4194030761719,60.04452137471517,0.0742301419377327,287.0370788574219,0.05228032827914548,1,6.0,324.0,79.0,5.450980392156863,264.0,65.02388995797156,0.24380000000000002,60.0,5.450980392156863,2.4631080627441406,2.0,65.0,7.8,8.0,8.0,0.4618273636666709,14.181188652547196,"{""type"":""MultiPoint"",""coordinates"":[]}"
"-126,3552",68.18990325714529,0.0637499988079071,67.37154251232397,0.10995443165302277,0.4712430238723755,279.4194030761719,60.04452137471517,0.0742301419377327,287.0370788574219,0.05228032827914548,1,6.0,324.0,79.0,5.450980392156863,264.0,65.02388995797156,0.24380000000000002,60.0,5.450980392156863,3.827207326889038,4.0,67.0,6.9,7.0,8.0,7.205672319385715,14.181188652547196,"{""type"":""MultiPoint"",""coordinates"":[]}"
"-158,3553",70.82518896978374,0.05291666463017464,67.6992048904705,0.0826052576303482,0.45094186067581177,279.57989501953125,61.183853849556456,0.0772646963596344,286.9181823730469,0.05228032827914548,24,6.0,324.0,76.0,0.0,264.0,65.07793213316336,0.24380000000000002,60.0,0.0,0.480201780796051,2.0,72.0,6.0,5.0,7.0,0.079183470827738,14.10598478016758,"{""type"":""MultiPoint"",""coordinates"":[]}"
"-157,3553",70.82518896978374,0.05041666328907013,67.6992048904705,0.09243573248386383,0.4881777763366699,279.57989501953125,61.183853849556456,0.0772646963596344,286.9181823730469,0.05228032827914548,24,6.0,324.0,76.0,0.0,264.0,65.07793213316336,0.24380000000000002,60.0,0.0,0.4871456027030945,3.0,71.0,6.5,5.0,7.0,0.6646047817961557,14.10598478016758,"{""type"":""MultiPoint"",""coordinates"":[]}"
"-127,3553",68.18990325714529,0.0637499988079071,67.37154251232397,0.10888995230197906,0.46033740043640137,279.4194030761719,60.04452137471517,0.0742301419377327,287.0370788574219,0.05228032827914548,1,6.0,324.0,79.0,8.262745098039215,264.0,65.02388995797156,0.24380000000000002,60.0,8.262745098039215,0.2520657777786255,3.0,64.0,8.3,8.0,8.0,0.1305881130504705,14.181188652547196,"{""type"":""MultiPoint"",""coordinates"":[]}"
"-118,3553",68.18990325714529,0.061388883739709854,67.37154251232397,0.10220940411090851,0.4881644546985626,279.4194030761719,60.04452137471517,0.0742301419377327,287.0370788574219,0.05228032827914548,26,6.0,324.0,79.0,2.180392156862745,264.0,65.02388995797156,0.24380000000000002,60.0,2.180392156862745,1.8916882276535034,3.0,67.0,7.6000000000000005,7.0,8.0,2.9333544096992745,14.181188652547196,"{""type"":""MultiPoint"",""coordinates"":[]}"
"-161,3554",70.82518896978374,0.05291666463017464,67.6992048904705,0.08680810034275055,0.44071924686431885,279.57989501953125,61.183853849556456,0.0772646963596344,286.9181823730469,0.05228032827914548,5,6.0,324.0,76.0,2.7294117647058824,264.0,65.07793213316336,0.24380000000000002,60.0,2.7294117647058824,0.3661978244781494,3.0,72.0,6.2,4.0,7.0,0.15379467256774587,14.10598478016758,"{""type"":""MultiPoint"",""coordinates"":[]}"
"-158,3554",70.82518896978374,0.05291666463017464,67.6992048904705,0.0945388600230217,0.46728524565696716,279.57989501953125,61.183853849556456,0.0772646963596344,286.9181823730469,0.05228032827914548,24,6.0,324.0,76.0,0.0,264.0,65.07793213316336,0.24380000000000002,60.0,0.0,0.7568876147270203,3.0,71.0,6.5,5.0,7.0,0.33746329294849425,14.10598478016758,"{""type"":""MultiPoint"",""coordinates"":[]}"
"-157,3554",70.82518896978374,0.05041666328907013,67.6992048904705,0.09296964108943939,0.487735390663147,279.57989501953125,61.183853849556456,0.0772646963596344,286.9181823730469,0.05228032827914548,24,6.0,324.0,76.0,0.0,264.0,65.07793213316336,0.24380000000000002,60.0,0.0,0.8417930603027344,3.0,71.0,6.2,4.0,7.0,1.132200558127802,14.10598478016758,"{""type"":""MultiPoint"",""coordinates"":[]}"
"-155,3554",70.82518896978374,0.05041666328907013,67.6992048904705,0.0955256000161171,0.4608800709247589,279.57989501953125,61.183853849556456,0.0772646963596344,286.9181823730469,0.05228032827914548,26,6.0,324.0,76.0,0.09019607843137255,264.0,65.07793213316336,0.24380000000000002,60.0,0.09019607843137255,0.7460345029830933,3.0,72.0,6.2,4.0,7.0,1.480417402268742,14.10598478016758,"{""type"":""MultiPoint"",""coordinates"":[]}"
"-154,3554",70.82518896978374,0.05041666328907013,67.6992048904705,0.0858873501420021,0.44090571999549866,279.57989501953125,61.183853849556456,0.0772646963596344,286.9181823730469,0.05228032827914548,24,6.0,324.0,76.0,0.09019607843137255,264.0,65.07793213316336,0.24380000000000002,60.0,0.09019607843137255,0.5844430327415466,2.0,70.0,7.8,8.0,7.0,0.8169489255111414,14.10598478016758,"{""type"":""MultiPoint"",""coordinates"":[]}"
"-163,3555",70.82518896978374,0.05291666463017464,67.6992048904705,0.06972437351942062,0.4410686194896698,279.57989501953125,61.183853849556456,0.0772646963596344,286.9181823730469,0.05228032827914548,5,6.0,324.0,76.0,0.0,264.0,65.07793213316336,0.24380000000000002,60.0,0.0,0.46341004967689514,3.0,72.0,6.5,5.0,7.0,0.4790081103985473,14.10598478016758,"{""type"":""MultiPoint"",""coordinates"":[]}"
"-157,3555",70.82518896978374,0.05041666328907013,67.6992048904705,0.07890696823596954,0.4348926544189453,279.57989501953125,61.183853849556456,0.0772646963596344,286.9181823730469,0.05228032827914548,24,6.0,324.0,76.0,1.0,264.0,65.07793213316336,0.24380000000000002,60.0,1.0,0.8821648359298706,3.0,71.0,6.5,5.0,7.0,1.6022140506489733,14.10598478016758,"{""type"":""MultiPoint"",""coordinates"":[]}"
"-165,3556",70.82518896978374,0.04694444313645363,67.6992048904705,0.06961920112371445,0.44767671823501587,279.57989501953125,61.183853849556456,0.0772646963596344,286.9181823730469,0.05228032827914548,5,6.0,324.0,76.0,0.9098039215686274,264.0,65.07793213316336,0.24380000000000002,60.0,0.9098039215686274,0.9716590046882629,3.0,70.0,5.8,4.0,7.0,1.1516257817286741,14.10598478016758,"{""type"":""MultiPoint"",""coordinates"":[]}"
"-163,3556",70.82518896978374,0.05291666463017464,67.6992048904705,0.06585094332695007,0.41396665573120117,279.57989501953125,61.183853849556456,0.0772646963596344,286.9181823730469,0.05228032827914548,5,6.0,324.0,76.0,0.0,264.0,65.07793213316336,0.24380000000000002,60.0,0.0,0.6010340452194214,4.0,72.0,6.3,4.0,7.0,0.14648139105036062,14.10598478016758,"{""type"":""MultiPoint"",""coordinates"":[]}"
"-158,3556",70.82518896978374,0.05291666463017464,67.6992048904705,0.07357767224311829,0.41185224056243896,279.57989501953125,61.183853849556456,0.0772646963596344,286.9181823730469,0.05228032827914548,1,6.0,324.0,76.0,0.0,264.0,65.07793213316336,0.24380000000000002,60.0,0.0,1.2159987688064575,3.0,70.0,5.8,4.0,7.0,1.4247031392492107,14.10598478016758,"{""type"":""MultiPoint"",""coordinates"":[]}"
"-157,3556",70.82518896978374,0.05041666328907013,67.6992048904705,0.07919792830944061,0.4372938573360443,279.57989501953125,61.183853849556456,0.0772646963596344,286.9181823730469,0.05228032827914548,24,6.0,324.0,76.0,0.0,264.0,65.07793213316336,0.24380000000000002,60.0,0.0,0.2757437229156494,3.0,70.0,8.3,8.0,7.0,0.45505763507199976,14.10598478016758,"{""type"":""MultiPoint"",""coordinates"":[]}"
"-157,3557",70.82518896978374,0.05041666328907013,67.6992048904705,0.07843654602766037,0.4387573301792145,279.57989501953125,61.183853849556456,0.0772646963596344,286.9181823730469,0.05228032827914548,24,6.0,324.0,76.0,0.0,264.0,65.07793213316336,0.24380000000000002,60.0,0.0,0.6814969778060913,3.0,70.0,6.5,5.0,7.0,0.09927098512330666,14.10598478016758,"{""type"":""MultiPoint"",""coordinates"":[]}"
"-140,3557",70.82518896978374,0.07180555164813995,67.6992048904705,0.1107102781534195,0.4066716730594635,279.57989501953125,61.183853849556456,0.0772646963596344,286.9181823730469,0.05228032827914548,1,6.0,324.0,79.0,3.8196078431372547,264.0,65.07793213316336,0.24380000000000002,60.0,3.8196078431372547,0.0,2.0,72.0,5.0,4.0,8.0,0.0,14.10598478016758,"{""type"":""MultiPoint"",""coordinates"":[]}"
"-139,3557",70.82518896978374,0.07180555164813995,67.6992048904705,0.12839190661907196,0.4201740026473999,279.57989501953125,61.183853849556456,0.0772646963596344,286.9181823730469,0.05228032827914548,1,6.0,324.0,79.0,3.8196078431372547,264.0,65.07793213316336,0.24380000000000002,60.0,3.8196078431372547,1.1952557563781738,3.0,73.0,6.2,4.0,8.0,0.020433997000284296,14.10598478016758,"{""type"":""MultiPoint"",""coordinates"":[]}"
"-105,3557",68.18990325714529,0.07444444298744202,67.37154251232397,0.10200449079275131,0.4772520661354065,279.4194030761719,60.04452137471517,0.0742301419377327,287.0370788574219,0.05228032827914548,1,6.0,324.0,80.0,11.450980392156863,264.0,65.02388995797156,0.24380000000000002,60.0,11.450980392156863,0.0944954976439476,2.0,70.0,6.2,8.0,9.0,0.1842786945811054,14.181188652547196,"{""type"":""MultiPoint"",""coordinates"":[]}"
"-166,3558",70.82518896978374,0.04694444313645363,67.6992048904705,0.0817926898598671,0.46463483572006226,279.57989501953125,61.183853849556456,0.0772646963596344,286.9181823730469,0.05228032827914548,4,6.0,324.0,76.0,0.1803921568627451,264.0,65.07793213316336,0.24380000000000002,60.0,0.1803921568627451,1.004831075668335,3.0,69.0,6.5,5.0,7.0,0.7991429949189798,14.10598478016758,"{""type"":""MultiPoint"",""coordinates"":[]}"
"-165,3558",70.82518896978374,0.04694444313645363,67.6992048904705,0.08340320736169815,0.47217318415641785,279.57989501953125,61.183853849556456,0.0772646963596344,286.9181823730469,0.05228032827914548,24,6.0,324.0,76.0,0.1803921568627451,264.0,65.07793213316336,0.24380000000000002,60.0,0.1803921568627451,0.0944954976439476,3.0,69.0,6.5,5.0,7.0,0.04076725471357116,14.10598478016758,"{""type"":""MultiPoint"",""coordinates"":[]}"
"-159,3558",70.82518896978374,0.05291666463017464,67.6992048904705,0.08205942064523697,0.4166492521762848,279.57989501953125,61.183853849556456,0.0772646963596344,286.9181823730469,0.05228032827914548,5,6.0,324.0,76.0,0.09019607843137255,264.0,65.07793213316336,0.24380000000000002,60.0,0.09019607843137255,0.5149441957473755,3.0,69.0,6.5,5.0,7.0,0.5124860694342691,14.10598478016758,"{""type"":""MultiPoint"",""coordinates"":[]}"
"-152,3558",70.82518896978374,0.05041666328907013,67.6992048904705,0.0840444341301918,0.4237893521785736,279.57989501953125,61.183853849556456,0.0772646963596344,286.9181823730469,0.05228032827914548,5,6.0,324.0,76.0,0.1803921568627451,264.0,65.07793213316336,0.24380000000000002,60.0,0.1803921568627451,0.822878360748291,4.0,70.0,7.0,5.0,7.0,0.47752525627659026,14.10598478016758,"{""type"":""MultiPoint"",""coordinates"":[]}"
"-140,3558",70.82518896978374,0.07180555164813995,67.6992048904705,0.1197039932012558,0.4217078983783722,279.57989501953125,61.183853849556456,0.0772646963596344,286.9181823730469,0.05228032827914548,1,6.0,324.0,79.0,3.8196078431372547,264.0,65.07793213316336,0.24380000000000002,60.0,3.8196078431372547,0.1601230651140213,3.0,72.0,5.5,4.0,8.0,0.02704978201666556,14.10598478016758,"{""type"":""MultiPoint"",""coordinates"":[]}"
"-139,3558",70.82518896978374,0.07180555164813995,67.6992048904705,0.13299264013767242,0.43460679054260254,279.57989501953125,61.183853849556456,0.0772646963596344,286.9181823730469,0.05228032827914548,1,6.0,324.0,79.0,3.8196078431372547,264.0,65.07793213316336,0.24380000000000002,60.0,3.8196078431372547,0.5224034190177917,4.0,73.0,6.0,4.0,8.0,1.0366479156476154,14.10598478016758,"{""type"":""MultiPoint"",""coordinates"":[]}"
"-106,3558",68.18990325714529,0.07444444298744202,67.37154251232397,0.09294519573450089,0.4279528856277466,279.4194030761719,60.04452137471517,0.0742301419377327,287.0370788574219,0.05228032827914548,1,6.0,324.0,80.0,11.450980392156863,264.0,65.02388995797156,0.24380000000000002,60.0,11.450980392156863,1.330194115638733,4.0,69.0,7.0,5.0,9.0,2.501689618351511,14.181188652547196,"{""type"":""MultiPoint"",""coordinates"":[]}"
"-162,3559",70.82518896978374,0.05291666463017464,67.6992048904705,0.06531862169504166,0.3984634578227997,279.57989501953125,61.183853849556456,0.0772646963596344,286.9181823730469,0.05228032827914548,5,6.0,324.0,76.0,0.09019607843137255,264.0,65.07793213316336,0.24380000000000002,60.0,0.09019607843137255,0.23187147080898285,3.0,70.0,6.2,4.0,7.0,0.09310565437609185,14.10598478016758,"{""type"":""MultiPoint"",""coordinates"":[]}"
"-160,3559",70.82518896978374,0.05291666463017464,67.6992048904705,0.0758494883775711,0.43166348338127136,279.57989501953125,61.183853849556456,0.0772646963596344,286.9181823730469,0.05228032827914548,24,6.0,324.0,76.0,0.09019607843137255,264.0,65.07793213316336,0.24380000000000002,60.0,0.09019607843137255,0.7563457489013672,3.0,70.0,6.5,5.0,7.0,0.18840014224797358,14.10598478016758,"{""type"":""MultiPoint"",""coordinates"":[]}"
"-159,3559",70.82518896978374,0.05291666463017464,67.6992048904705,0.07114364951848984,0.39726775884628296,279.57989501953125,61.183853849556456,0.0772646963596344,286.9181823730469,0.05228032827914548,5,6.0,324.0,76.0,0.09019607843137255,264.0,65.07793213316336,0.24380000000000002,60.0,0.09019607843137255,0.6815802454948425,3.0,71.0,5.8,4.0,7.0,0.7470859622656676,14.10598478016758,"{""type"":""MultiPoint"",""coordinates"":[]}"
"-158,3559",70.82518896978374,0.05291666463017464,67.6992048904705,0.06779979169368744,0.4057510495185852,279.57989501953125,61.183853849556456,0.0772646963596344,286.9181823730469,0.05228032827914548,24,6.0,324.0,76.0,0.09019607843137255,264.0,65.07793213316336,0.24380000000000002,60.0,0.09019607843137255,0.7114154100418091,3.0,71.0,6.4,7.0,7.0,1.3502114436480475,14.10598478016758,"{""type"":""MultiPoint"",""coordinates"":[]}"
"-152,3559",70.82518896978374,0.05041666328907013,67.6992048904705,0.09321630001068115,0.4117051959037781,279.57989501953125,61.183853849556456,0.0772646963596344,286.9181823730469,0.05228032827914548,5,6.0,324.0,76.0,0.1803921568627451,264.0,65.07793213316336,0.24380000000000002,60.0,0.1803921568627451,0.23127466440200806,4.0,70.0,7.0,5.0,7.0,0.07744775455033524,14.10598478016758,"{""type"":""MultiPoint"",""coordinates"":[]}"
"-135,3559",70.82518896978374,0.0706944391131401,67.6992048904705,0.10827542841434479,0.41547471284866333,279.57989501953125,61.183853849556456,0.0772646963596344,286.9181823730469,0.05228032827914548,1,6.0,324.0,79.0,0.45098039215686275,264.0,65.07793213316336,0.24380000000000002,60.0,0.45098039215686275,0.07463578134775162,3.0,67.0,9.5,8.0,8.0,0.04119345690663849,14.10598478016758,"{""type"":""MultiPoint"",""coordinates"":[]}"
"-134,3559",70.82518896978374,0.0706944391131401,67.6992048904705,0.11535809189081192,0.4470236003398895,279.57989501953125,61.183853849556456,0.0772646963596344,286.9181823730469,0.05228032827914548,1,6.0,324.0,79.0,0.45098039215686275,264.0,65.07793213316336,0.24380000000000002,60.0,0.45098039215686275,0.22390632331371307,3.0,67.0,7.6000000000000005,7.0,8.0,0.44431566661621824,14.10598478016758,"{""type"":""MultiPoint"",""coordinates"":[]}"
"-124,3559",68.18990325714529,0.0637499988079071,67.37154251232397,0.09122738987207413,0.438443124294281,279.4194030761719,60.04452137471517,0.0742301419377327,287.0370788574219,0.05228032827914548,5,6.0,324.0,79.0,0.09019607843137255,264.0,65.02388995797156,0.24380000000000002,60.0,0.09019607843137255,3.1972482204437256,4.0,67.0,6.0,4.0,8.0,2.869940784054142,14.181188652547196,"{""type"":""MultiPoint"",""coordinates"":[]}"
"-164,3560",70.82518896978374,0.05291666463017464,67.6992048904705,0.07692117244005203,0.431532084941864,279.57989501953125,61.183853849556456,0.0772646963596344,286.9181823730469,0.05228032827914548,5,6.0,324.0,76.0,0.0,264.0,65.07793213316336,0.24380000000000002,60.0,0.0,0.07463578134775162,3.0,70.0,6.5,5.0,7.0,0.14810589737783247,14.10598478016758,"{""type"":""MultiPoint"",""coordinates"":[]}"
"-161,3560",70.82518896978374,0.05291666463017464,67.6992048904705,0.07325485348701477,0.4078947901725769,279.57989501953125,61.183853849556456,0.0772646963596344,286.9181823730469,0.05228032827914548,5,6.0,324.0,76.0,0.09019607843137255,264.0,65.07793213316336,0.24380000000000002,60.0,0.09019607843137255,0.34780484437942505,3.0,69.0,6.5,5.0,7.0,0.13965753319345675,14.10598478016758,"{""type"":""MultiPoint"",""coordinates"":[]}"
"-157,3560",70.82518896978374,0.05291666463017464,67.6992048904705,0.08584102988243103,0.4342314898967743,279.57989501953125,61.183853849556456,0.0772646963596344,286.9181823730469,0.05228032827914548,5,6.0,324.0,76.0,0.0,264.0,65.07793213316336,0.24380000000000002,60.0,0.0,1.0533668994903564,3.0,72.0,7.1000000000000005,8.0,7.0,2.1050259312061423,14.10598478016758,"{""type"":""MultiPoint"",""coordinates"":[]}"
"-138,3560",70.82518896978374,0.07180555164813995,67.6992048904705,0.10706531256437302,0.4204961359500885,279.57989501953125,61.183853849556456,0.0772646963596344,286.9181823730469,0.05228032827914548,1,6.0,324.0,79.0,5.549019607843137,264.0,65.07793213316336,0.24380000000000002,60.0,5.549019607843137,0.16014057397842407,3.0,70.0,5.5,4.0,8.0,0.1121184860453289,14.10598478016758,"{""type"":""MultiPoint"",""coordinates"":[]}"
"-137,3560",70.82518896978374,0.07180555164813995,67.6992048904705,0.10239072144031525,0.4047076404094696,279.57989501953125,61.183853849556456,0.0772646963596344,286.9181823730469,0.05228032827914548,1,6.0,324.0,79.0,5.549019607843137,264.0,65.07793213316336,0.24380000000000002,60.0,5.549019607843137,0.16014057397842407,2.0,70.0,5.3,4.0,8.0,0.31127251380083015,14.10598478016758,"{""type"":""MultiPoint"",""coordinates"":[]}"
"-136,3560",70.82518896978374,0.07180555164813995,67.6992048904705,0.10214551538228989,0.3919111490249634,279.57989501953125,61.183853849556456,0.0772646963596344,286.9181823730469,0.05228032827914548,1,6.0,324.0,79.0,0.45098039215686275,264.0,65.07793213316336,0.24380000000000002,60.0,0.45098039215686275,0.07464047521352768,2.0,71.0,7.8,8.0,8.0,0.04119604757500264,14.10598478016758,"{""type"":""MultiPoint"",""coordinates"":[]}"
"-135,3560",70.82518896978374,0.0706944391131401,67.6992048904705,0.10201120376586914,0.4061342775821686,279.57989501953125,61.183853849556456,0.0772646963596344,286.9181823730469,0.05228032827914548,1,6.0,324.0,79.0,0.45098039215686275,264.0,65.07793213316336,0.24380000000000002,60.0,0.45098039215686275,0.09450661391019821,2.0,70.0,6.2,8.0,8.0,0.06391116361024293,14.10598478016758,"{""type"":""MultiPoint"",""coordinates"":[]}"
"-134,3560",70.82518896978374,0.0706944391131401,67.6992048904705,0.09764524549245834,0.41672423481941223,279.57989501953125,61.183853849556456,0.0772646963596344,286.9181823730469,0.05228032827914548,1,6.0,324.0,79.0,0.45098039215686275,264.0,65.07793213316336,0.24380000000000002,60.0,0.45098039215686275,0.09450661391019821,2.0,69.0,6.5,8.0,8.0,0.04118002063354535,14.10598478016758,"{""type"":""MultiPoint"",""coordinates"":[]}"
"-127,3560",68.18990325714529,0.0637499988079071,67.37154251232397,0.10731398314237595,0.44946351647377014,279.4194030761719,60.04452137471517,0.0742301419377327,287.0370788574219,0.05228032827914548,1,6.0,324.0,79.0,2.984313725490196,264.0,65.02388995797156,0.24380000000000002,60.0,2.984313725490196,0.14928069710731506,2.0,69.0,7.1000000000000005,7.0,8.0,0.296229920917594,14.181188652547196,"{""type"":""MultiPoint"",""coordinates"":[]}"
"-124,3560",68.18990325714529,0.0637499988079071,67.37154251232397,0.08048451691865921,0.42354828119277954,279.4194030761719,60.04452137471517,0.0742301419377327,287.0370788574219,0.05228032827914548,5,6.0,324.0,79.0,0.09019607843137255,264.0,65.02388995797156,0.24380000000000002,60.0,0.09019607843137255,2.8196027278900146,4.0,68.0,6.0,4.0,8.0,5.245093153761299,14.181188652547196,"{""type"":""MultiPoint"",""coordinates"":[]}"
"-166,3561",70.82518896978374,0.05222221836447716,67.6992048904705,0.06763654202222824,0.44760191440582275,279.57989501953125,61.183853849556456,0.0772646963596344,286.9181823730469,0.05228032827914548,24,6.0,324.0,76.0,4.541176470588235,264.0,65.07793213316336,0.24380000000000002,60.0,4.541176470588235,0.5952432751655579,3.0,70.0,6.5,5.0,7.0,0.8510834593010788,14.10598478016758,"{""type"":""MultiPoint"",""coordinates"":[]}"
"-162,3561",70.82518896978374,0.04138888791203499,67.6992048904705,0.0699746161699295,0.41786089539527893,279.57989501953125,61.183853849556456,0.0772646963596344,286.9181823730469,0.05228032827914548,24,6.0,324.0,76.0,0.45098039215686275,264.0,65.07793213316336,0.24380000000000002,60.0,0.45098039215686275,0.3784862458705902,3.0,71.0,6.5,5.0,7.0,0.07052946091047904,14.10598478016758,"{""type"":""MultiPoint"",""coordinates"":[]}"
"-139,3561",70.82518896978374,0.07930555194616318,67.6992048904705,0.11716090142726898,0.424538791179657,279.57989501953125,61.183853849556456,0.0772646963596344,286.9181823730469,0.05228032827914548,5,6.0,324.0,79.0,5.549019607843137,264.0,65.07793213316336,0.24380000000000002,60.0,5.549019607843137,0.07464516907930374,3.0,72.0,5.5,4.0,8.0,0.0411986382433668,14.10598478016758,"{""type"":""MultiPoint"",""coordinates"":[]}"
"-136,3561",70.82518896978374,0.07930555194616318,67.6992048904705,0.10297783464193344,0.41477423906326294,279.57989501953125,61.183853849556456,0.0772646963596344,286.9181823730469,0.05228032827914548,1,6.0,324.0,79.0,0.9098039215686274,264.0,65.07793213316336,0.24380000000000002,60.0,0.9098039215686274,0.5513021945953369,3.0,72.0,6.4,7.0,8.0,0.9203735803714927,14.10598478016758,"{""type"":""MultiPoint"",""coordinates"":[]}"
"-135,3561",70.82518896978374,0.08777777850627899,67.6992048904705,0.1015741303563118,0.40734654664993286,279.57989501953125,61.183853849556456,0.0772646963596344,286.9181823730469,0.05228032827914548,1,6.0,324.0,79.0,0.0,264.0,65.07793213316336,0.24380000000000002,60.0,0.0,0.23187147080898285,3.0,74.0,5.5,4.0,8.0,0.09310565437609185,14.10598478016758,"{""type"":""MultiPoint"",""coordinates"":[]}"
"-126,3561",68.18990325714529,0.07208333164453506,67.37154251232397,0.10663434118032455,0.44936010241508484,279.4194030761719,60.04452137471517,0.0742301419377327,287.0370788574219,0.05228032827914548,5,6.0,324.0,79.0,2.984313725490196,264.0,65.02388995797156,0.24380000000000002,60.0,2.984313725490196,0.4697040319442749,2.0,71.0,7.8,8.0,8.0,0.018394936278034537,14.181188652547196,"{""type"":""MultiPoint"",""coordinates"":[]}"
"-124,3561",68.18990325714529,0.07208333164453506,67.37154251232397,0.09404648095369339,0.4562446177005768,279.4194030761719,60.04452137471517,0.0742301419377327,287.0370788574219,0.05228032827914548,5,6.0,324.0,79.0,8.631372549019607,264.0,65.02388995797156,0.24380000000000002,60.0,8.631372549019607,1.909030795097351,4.0,69.0,8.100000000000001,7.0,8.0,3.606082141944245,14.181188652547196,"{""type"":""MultiPoint"",""coordinates"":[]}"
"-138,3562",70.82518896978374,0.07930555194616318,67.6992048904705,0.1336289793252945,0.4775020480155945,279.57989501953125,61.183853849556456,0.0772646963596344,286.9181823730469,0.05228032827914548,5,6.0,324.0,78.0,7.631372549019607,264.0,65.07793213316336,0.24380000000000002,60.0,7.631372549019607,0.16015808284282684,2.0,71.0,8.0,7.0,8.0,0.06681089380964492,14.10598478016758,"{""type"":""MultiPoint"",""coordinates"":[]}"
"-148,3564",70.82518896978374,0.07083333283662796,67.6992048904705,0.10348546504974365,0.38896870613098145,279.57989501953125,61.183853849556456,0.0772646963596344,286.9181823730469,0.05228032827914548,5,6.0,324.0,78.0,9.811764705882352,264.0,65.07793213316336,0.24380000000000002,60.0,9.811764705882352,0.13789553940296173,3.0,72.0,7.6000000000000005,7.0,8.0,0.012847652906521574,14.10598478016758,"{""type"":""MultiPoint"",""coordinates"":[]}"
"-140,3564",70.82518896978374,0.07930555194616318,67.6992048904705,0.12099862843751907,0.4685938358306885,279.57989501953125,61.183853849556456,0.0772646963596344,286.9181823730469,0.05228032827914548,5,6.0,324.0,78.0,2.803921568627451,264.0,65.07793213316336,0.24380000000000002,60.0,2.803921568627451,0.3455779254436493,2.0,71.0,7.8,8.0,8.0,0.5780644660697126,14.10598478016758,"{""type"":""MultiPoint"",""coordinates"":[]}"
"-148,3565",70.82518896978374,0.07083333283662796,67.6992048904705,0.10900889337062836,0.473443865776062,279.57989501953125,61.183853849556456,0.0772646963596344,286.9181823730469,0.05228032827914548,5,6.0,324.0,78.0,9.811764705882352,264.0,65.07793213316336,0.24380000000000002,60.0,9.811764705882352,0.41616955399513245,3.0,72.0,7.6000000000000005,7.0,8.0,0.8089988495229726,14.10598478016758,"{""type"":""MultiPoint"",""coordinates"":[]}"
"-129,3565",68.18990325714529,0.08777777850627899,67.37154251232397,0.09591123461723328,0.38632315397262573,279.4194030761719,60.04452137471517,0.0742301419377327,287.0370788574219,0.05228032827914548,5,6.0,324.0,79.0,0.1803921568627451,264.0,65.02388995797156,0.24380000000000002,60.0,0.1803921568627451,0.5258381962776184,2.0,67.0,7.8,8.0,8.0,1.0471567870430436,14.181188652547196,"{""type"":""MultiPoint"",""coordinates"":[]}"
"-125,3565",68.18990325714529,0.07208333164453506,67.37154251232397,0.1000850573182106,0.4530337154865265,279.4194030761719,60.04452137471517,0.0742301419377327,287.0370788574219,0.05228032827914548,1,6.0,324.0,79.0,7.976470588235294,264.0,65.02388995797156,0.24380000000000002,60.0,7.976470588235294,0.373314768075943,3.0,69.0,8.6,8.0,8.0,0.20604226998973277,14.181188652547196,"{""type"":""MultiPoint"",""coordinates"":[]}"
"-124,3565",68.18990325714529,0.07208333164453506,67.37154251232397,0.1060212031006813,0.4872955083847046,279.4194030761719,60.04452137471517,0.0742301419377327,287.0370788574219,0.05228032827914548,1,6.0,324.0,79.0,7.976470588235294,264.0,65.02388995797156,0.24380000000000002,60.0,7.976470588235294,1.0705803632736206,4.0,68.0,8.4,8.0,8.0,2.1114288490587194,14.181188652547196,"{""type"":""MultiPoint"",""coordinates"":[]}"
"-129,3566",68.18990325714529,0.08777777850627899,67.37154251232397,0.10228484123945236,0.43722087144851685,279.4194030761719,60.04452137471517,0.0742301419377327,287.0370788574219,0.05228032827914548,5,6.0,324.0,79.0,0.1803921568627451,264.0,65.02388995797156,0.24380000000000002,60.0,0.1803921568627451,0.18925631046295166,2.0,70.0,5.9,7.0,8.0,0.12884287532596717,14.181188652547196,"{""type"":""MultiPoint"",""coordinates"":[]}"
"-125,3566",68.18990325714529,0.07208333164453506,67.37154251232397,0.10236088186502457,0.4693707823753357,279.4194030761719,60.04452137471517,0.0742301419377327,287.0370788574219,0.05228032827914548,1,6.0,324.0,79.0,7.976470588235294,264.0,65.02388995797156,0.24380000000000002,60.0,7.976470588235294,0.897824227809906,2.0,68.0,6.2,8.0,8.0,1.665021173458397,14.181188652547196,"{""type"":""MultiPoint"",""coordinates"":[]}"
"-166,3567",70.82518896978374,0.05222221836447716,67.6992048904705,0.09598900377750397,0.47437337040901184,279.57989501953125,61.183853849556456,0.0772646963596344,286.9181823730469,0.05228032827914548,4,6.0,324.0,77.0,21.827450980392157,264.0,65.07793213316336,0.24380000000000002,60.0,21.827450980392157,0.18905726075172424,4.0,69.0,6.0,4.0,7.0,0.12598033364299435,14.10598478016758,"{""type"":""MultiPoint"",""coordinates"":[]}"
"-165,3567",70.82518896978374,0.05222221836447716,67.6992048904705,0.1034584641456604,0.5034897327423096,279.57989501953125,61.183853849556456,0.0772646963596344,286.9181823730469,0.05228032827914548,24,6.0,324.0,77.0,21.827450980392157,264.0,65.07793213316336,0.24380000000000002,60.0,21.827450980392157,0.5044470429420471,4.0,68.0,6.0,4.0,7.0,0.2870768202380948,14.10598478016758,"{""type"":""MultiPoint"",""coordinates"":[]}"
"-163,3567",70.82518896978374,0.04138888791203499,67.6992048904705,0.10155095905065536,0.4734745919704437,279.57989501953125,61.183853849556456,0.0772646963596344,286.9181823730469,0.05228032827914548,5,6.0,324.0,78.0,10.549019607843137,264.0,65.07793213316336,0.24380000000000002,60.0,10.549019607843137,0.6407475471496582,4.0,69.0,9.0,7.0,8.0,1.246980982413726,14.10598478016758,"{""type"":""MultiPoint"",""coordinates"":[]}"
"-162,3567",70.82518896978374,0.04138888791203499,67.6992048904705,0.11847639083862305,0.43164631724357605,279.57989501953125,61.183853849556456,0.0772646963596344,286.9181823730469,0.05228032827914548,5,6.0,324.0,78.0,10.549019607843137,264.0,65.07793213316336,0.24380000000000002,60.0,10.549019607843137,1.0310126543045044,4.0,70.0,8.100000000000001,7.0,8.0,0.030199746325955925,14.10598478016758,"{""type"":""MultiPoint"",""coordinates"":[]}"
"-130,3568",70.82518896978374,0.08777777850627899,67.6992048904705,0.126825749874115,0.4753970205783844,279.57989501953125,61.183853849556456,0.0772646963596344,286.9181823730469,0.05228032827914548,1,6.0,324.0,78.0,42.82745098039216,264.0,65.07793213316336,0.24380000000000002,60.0,42.82745098039216,0.4517935812473297,3.0,74.0,8.5,7.0,8.0,0.7157009312363162,14.10598478016758,"{""type"":""MultiPoint"",""coordinates"":[]}"
"-125,3568",68.18990325714529,0.07208333164453506,67.37154251232397,0.1100715920329094,0.46502605080604553,279.4194030761719,60.04452137471517,0.0742301419377327,287.0370788574219,0.05228032827914548,36,6.0,324.0,79.0,2.7294117647058824,264.0,65.02388995797156,0.24380000000000002,60.0,2.7294117647058824,0.43952012062072754,3.0,70.0,7.6000000000000005,7.0,8.0,0.42169445972265707,14.181188652547196,"{""type"":""MultiPoint"",""coordinates"":[]}"
"-123,3569",68.18990325714529,0.07208333164453506,67.37154251232397,0.10463996231555939,0.44720831513404846,279.4194030761719,60.04452137471517,0.0742301419377327,287.0370788574219,0.05228032827914548,1,6.0,324.0,79.0,2.3607843137254902,264.0,65.02388995797156,0.24380000000000002,60.0,2.3607843137254902,0.41622355580329895,2.0,71.0,9.0,8.0,8.0,0.8323206399560603,14.181188652547196,"{""type"":""MultiPoint"",""coordinates"":[]}"
"-166,3574",70.82518896978374,0.0520833283662796,67.6992048904705,0.08919215202331543,0.4667467772960663,279.57989501953125,61.183853849556456,0.0772646963596344,286.9181823730469,0.05228032827914548,24,6.0,324.0,77.0,5.08235294117647,264.0,65.07793213316336,0.24380000000000002,60.0,5.08235294117647,0.6548904776573181,3.0,67.0,6.5,5.0,7.0,0.6409764717054389,14.10598478016758,"{""type"":""MultiPoint"",""coordinates"":[]}"
"-165,3579",70.82518896978374,0.0520833283662796,67.6992048904705,0.08151250332593918,0.42362672090530396,279.57989501953125,61.183853849556456,0.0772646963596344,286.9181823730469,0.05228032827914548,24,6.0,324.0,77.0,2.0901960784313727,264.0,65.07793213316336,0.24380000000000002,60.0,2.0901960784313727,0.4163452684879303,4.0,70.0,7.0,5.0,7.0,0.1810270741901271,14.10598478016758,"{""type"":""MultiPoint"",""coordinates"":[]}"
"-147,3580",70.82518896978374,0.06402777135372162,67.6992048904705,0.10148156434297562,0.4361734390258789,279.57989501953125,61.183853849556456,0.0772646963596344,286.9181823730469,0.05228032827914548,4,6.0,324.0,78.0,4.639215686274509,264.0,65.07793213316336,0.24380000000000002,60.0,4.639215686274509,0.30450427532196045,2.0,68.0,7.1000000000000005,7.0,8.0,0.35169729079778644,14.10598478016758,"{""type"":""MultiPoint"",""coordinates"":[]}"
"-146,3580",70.82518896978374,0.06402777135372162,67.6992048904705,0.09761979430913925,0.4578320384025574,279.57989501953125,61.183853849556456,0.0772646963596344,286.9181823730469,0.05228032827914548,5,6.0,324.0,78.0,4.639215686274509,264.0,65.07793213316336,0.24380000000000002,60.0,4.639215686274509,0.3225370943546295,2.0,66.0,7.1000000000000005,7.0,8.0,0.11575089200314174,14.10598478016758,"{""type"":""MultiPoint"",""coordinates"":[]}"
"-152,3582",70.82518896978374,0.06222222000360489,67.6992048904705,0.09626927971839905,0.4348885416984558,279.57989501953125,61.183853849556456,0.0772646963596344,286.9181823730469,0.05228032827914548,1,6.0,324.0,78.0,8.901960784313726,264.0,65.07793213316336,0.24380000000000002,60.0,8.901960784313726,0.43980035185813904,4.0,69.0,8.100000000000001,7.0,8.0,0.8080763443543565,14.10598478016758,"{""type"":""MultiPoint"",""coordinates"":[]}"
"-164,3584",70.82518896978374,0.05791666358709335,67.6992048904705,0.08374784141778946,0.4462776184082031,279.57989501953125,61.183853849556456,0.0772646963596344,286.9181823730469,0.05228032827914548,5,6.0,324.0,79.0,0.9098039215686274,264.0,65.07793213316336,0.24380000000000002,60.0,0.9098039215686274,0.9998605251312256,3.0,69.0,6.2,4.0,8.0,1.6325545450592407,14.10598478016758,"{""type"":""MultiPoint"",""coordinates"":[]}"
"-163,3587",70.82518896978374,0.054999999701976776,67.6992048904705,0.0931973084807396,0.45250874757766724,279.57989501953125,61.183853849556456,0.0772646963596344,286.9181823730469,0.05228032827914548,4,6.0,324.0,79.0,0.0,264.0,65.07793213316336,0.24380000000000002,60.0,0.0,0.3785828948020935,3.0,67.0,6.7,8.0,8.0,0.7351269002539035,14.10598478016758,"{""type"":""MultiPoint"",""coordinates"":[]}"
"-163,3589",70.82518896978374,0.050555553287267685,67.6992048904705,0.10541155934333801,0.4834235906600952,279.57989501953125,61.183853849556456,0.0772646963596344,286.9181823730469,0.05228032827914548,5,6.0,324.0,79.0,9.909803921568628,264.0,65.07793213316336,0.24380000000000002,60.0,9.909803921568628,0.897917628288269,3.0,69.0,6.5,5.0,8.0,1.7950876637746056,14.10598478016758,"{""type"":""MultiPoint"",""coordinates"":[]}"
